"V1","V2"
1.168362510177,-4.0775508975307
10.6620361710771,-3.98917579934517
9.5600033592028,-3.5929466950478
9.26611146811322,-2.47626573157563
10.3154284276766,-3.53472777046528
9.91096576107969,-4.01924389107189
10.2073027899887,-2.63046785991968
5.43581416004441,-3.40066566993187
5.28678406338594,-3.76201249116248
12.1410585896119,9.90586395213342
13.2660414464128,10.2467820905119
12.4660264996135,15.229864527669
5.97579658835441,11.1038375665962
-10.2153473125028,0.336476924796105
-9.65227863218944,-0.173069741240693
-10.8509425826146,-0.13046041197318
-11.1441636337705,0.732834514974982
-21.5590788277818,2.37821470003578
-11.022771317453,0.476077378643877
-10.9224173221434,0.339023611322505
-11.7033294794549,-0.958478346925735
-10.7930272089103,1.07283140318929
-11.8824242482446,-1.08020756897407
-11.882027816247,1.034665026395
-13.0212619252253,-1.73077659934367
-8.75331461015987,26.2082224921157
-1.27357375402143,5.91591469488654
-2.84912110232857,4.59217734884443
-2.70527764814547,5.29022824855812
-2.17555954438786,6.4946883962532
-3.1691544687705,5.24418341702697
-19.4278218008186,-11.23514454668
-19.3610492404727,-12.7696328831768
-18.6020432273569,-12.3269910734685
-18.7421245848313,-12.3440239375138
-20.3513071912749,-13.1565498293256
-18.4150004826314,-10.9950030659135
-19.6059577353466,-12.5253452783342
-9.14005322993478,26.4673016225101
19.9129907319875,0.0029004716053781
19.3193773075503,-0.337058487054635
21.3551174341847,1.05644296876176
20.8487332846043,-0.105250597563789
20.5782897254767,1.07470639626851
19.1390652952333,0.0185711033364545
19.0830996296793,-0.808318505106877
17.7480159616846,-2.20815708247618
18.7313058853035,-2.71125322247175
17.5242912302126,-1.41392258209676
18.0056111713582,-2.96490370688874
17.9723792637351,-2.31982286296137
22.0981091091166,20.0163447195787
14.5892787179964,-4.85569276020066
13.389435643118,-4.88724568899849
12.9664291962421,-3.86843494759061
13.1723313588247,-4.54967704815269
14.156629332807,-6.5995110666153
12.9626792466544,-6.78859703342449
12.4868979155865,-6.59241685133871
12.7016694116139,-6.08015328268651
13.7073731048845,-6.74939223678912
13.6219062069966,-5.92982578158486
13.4835158548162,-6.69045933346487
14.6358876832714,13.1188071767761
5.18492633206149,14.9582101609416
-17.7715931362996,-17.8992901852581
-17.6458508550908,-18.6100574715971
-18.016403799171,-19.8019634055167
-19.1726813014512,-18.3063557896397
-15.2937373379116,-20.7908498027927
-17.2553468968855,-19.0013223311561
-17.7886197538424,-20.2850457103655
-15.9026620265895,-21.1178226410745
-17.0460204856975,-20.5818127233107
-16.1230896785879,-20.9205714294508
-16.9960175372868,-19.5161520123023
-15.8209256834762,-19.7514736201351
27.3121170967743,21.7670242238979
-10.4293930828266,-16.254799716998
-10.7424223270327,-15.4752228818634
-11.6340346290129,-14.9508327513808
-10.9275486223609,-15.5575398047216
-11.7984088832511,-16.2821970137258
-13.0312876644687,-15.339379278934
-12.3151862253679,-15.5895249829882
-13.1343052723079,-17.5425016912299
-12.7225227619823,-17.5150730250047
-12.6584601839249,-18.5794525437003
-12.7618480403389,-18.1984930392854
-14.3285883198306,-17.3906106869165
2.42102046272732,17.3927413024692
21.0311942117267,-10.3202691347185
21.7818736532408,-11.7068302805512
21.2979007744516,-1.27600239456728
20.4902488385526,-1.78055925234845
22.4657634405844,-1.92511638247954
19.7515301920155,-0.805252573482473
19.3099595384866,-2.13603916218701
20.0461244042436,-3.4740763005081
19.6268320009028,-2.85800829818788
18.6304751653506,-3.19145470039683
19.5458224035284,-2.0585171720605
18.6281425901619,-2.21085288391515
23.1928761929321,18.0144789932707
8.50807019146094,17.2917824437127
12.2455777375726,20.6409473617638
14.0495752718833,18.6255695610112
16.3042445587026,18.0529497480785
16.2209256844751,16.0624127873062
15.7290204248098,16.608147223716
17.1953616144223,16.3785249560065
16.8161349418871,17.6359384190199
15.2831199784072,15.8267634487352
15.9637797904158,17.1822224411563
16.282361993827,16.4500672238185
15.3653067874501,20.1824912066109
7.93131003698794,14.7762597103653
6.67429586102166,-4.58493312841376
7.8649371085417,-2.88751970709824
7.85436035531555,-4.32307792827688
-7.9757723549737,-12.9015561407104
-6.73139869021105,-12.0099251385152
-7.96409915808877,-12.6052936632364
-8.37509478740721,-11.4391720576291
-7.21379389369617,-12.5723419799888
-7.46579130268758,-12.355381638094
-7.62962855555928,-13.7617738471911
-8.03576866111709,-12.5007060107034
6.0520723343948,2.24478505716256
5.81697782648661,4.90064791193878
-20.0810121848265,-27.416430635598
-18.8589004610926,-27.8792981729004
-19.0872337538505,-28.1095763269275
-18.8871213075934,-27.649094765239
-16.7816697329491,-29.1304474989463
-19.5977929953916,-28.6719865675906
-20.3368331386491,-28.1033976797443
-16.5218879595297,-27.0135592519289
-18.2219479257693,-26.0750428098275
-16.7182759968348,-28.1455173165284
-18.053817500093,-26.7089754921097
-15.5691604928305,-28.2848948951277
29.3498130058196,17.6173132348826
-3.68469509027958,-20.7733486107178
-1.83430617764442,-22.2145551056856
-0.82211063899367,-22.2511813193142
-0.641107102084866,-21.3694005729016
-2.08478326654614,-32.8175353032427
-0.684254513029653,-22.0134842252773
-0.900196699797153,-21.7067711421797
-0.499773822111122,-31.0618024979018
3.21536099516098,-24.6121795491095
-0.72026609402154,-30.7997825855636
2.38957188222668,-24.5523611947668
-0.0659305414137877,-30.4088981832432
25.0131777425262,24.1365282923256
-24.0381757622591,-11.7307699885476
-24.181909175305,-10.975227862023
-16.696078799618,10.7894588103487
-17.3069395378768,10.7005290532547
-16.8983596734518,10.9953137242541
-22.2978619526028,11.3012678631652
-22.2427162373835,10.9758271786923
-23.0391644617537,10.4677195401296
-23.0112352543142,9.56629832203993
-22.7700170093989,7.78418752375237
-21.970778906281,8.81352894611405
-22.8708597241756,8.02737695653974
9.95190055281742,11.1512515771642
-10.326863454723,13.7690848469755
-10.9997357857164,13.3641269853208
-8.81295717300795,12.7605781001422
1.03483743246702,33.9807906028163
-7.84609998761023,10.8657601807559
-10.839105778404,13.1126495332866
-10.2980898248317,13.2908975170685
-21.383648477477,22.644086438928
-21.2185433138568,22.6180544505286
-19.4577302165065,18.7098928681731
-21.0113093662345,21.1939492574674
-19.4862792157813,20.9222053843336
-14.3541959986979,25.5831528245932
-0.314322706916063,-19.0158014957951
-0.181059631758781,-19.4393975996417
-0.703859969586032,-19.7600339713677
-0.175444956931157,-20.5232348559015
-0.222774268447469,-33.0018534756661
-0.83873650078854,-21.0426675578149
0.493560469132784,-21.8263662312218
-0.297735200783648,-29.6922929300932
4.36920446023233,-25.9097060154595
-0.629551796626577,-29.9754914818918
3.87861975953455,-25.2718775867794
0.399994486205408,-33.0785761504135
24.8711263106878,25.2897380827653
-2.56074738527232,33.5032244375886
-4.40098754318775,7.11008213744529
-4.42180062186493,7.69324662377932
-2.98438668159011,7.71965244029423
-3.13160419785084,6.89493767089857
-3.89085612077512,7.11791556377509
-3.9013974240326,7.49430849315402
-16.8013700614457,16.1444249819546
-1.73861070138133,35.0791473254303
-16.0947608165212,15.3145453712794
-17.5152012394364,15.7456769029785
-17.4245521550391,16.6308193223593
-13.5770478845329,25.9194137457629
-0.262892632459515,33.2901361585586
-7.01806410116751,9.70832127217166
-6.97750442590404,9.51091907337714
-6.52828441022472,10.101961907266
-8.34421301409984,9.73806938070413
-6.1121162192513,10.779289259006
0.496147170605706,33.8976921027935
-19.0065132780573,18.9721850454178
-17.4026342537375,20.3132266144664
-17.7250154764958,18.7469298365522
-17.7153595424464,20.3357540411974
-17.0319802389362,20.0719599989516
-12.9334258091427,23.998536597835
-5.77131720880234,-1.26956790946692
-6.09524861025846,-1.75614185534046
0.591614953407938,29.6525459838178
-6.92006255033136,-2.29149671695562
-5.99627666077749,-2.71761715049867
-6.85285331083041,-1.95624322311077
-5.5458269835625,-1.91202256417854
-23.0580750146188,18.7292840205411
-22.7199957376008,16.866864857973
-22.881877512488,17.1524496658791
-22.0002762408097,17.2606043538977
-6.24304085051663,-3.45601228724536
-8.78404505950508,25.9036442990512
5.14468584913439,-6.31795826000582
4.97648761243086,-7.5967843904083
6.22013554022737,-7.15004933045641
1.32418257632605,-5.15638178242982
0.804843492724585,-6.92834059242714
0.610858529326553,-6.64061322199622
9.92686184251711,-10.7875730970136
8.29590274622853,-10.5742023982465
9.73859211483806,-10.7977232688023
8.65182297204563,-10.8758601217608
8.18114551785251,-9.59740369803564
7.68045286332428,-9.45219880419194
22.9198660908318,23.065464179364
-10.9231940171405,-10.1771813429539
-9.9606333714522,-11.0626083140633
-10.1255183205855,-9.65777648564294
-9.63120258082945,-10.4149981299019
-9.78270761086601,-11.5379554090457
-9.43882773393041,-11.4803181460478
-10.0823587372082,-11.6661848324353
-18.6080003054297,-15.301619784644
-19.9083355873305,-15.3589178033281
-19.3853098911231,-14.8490379709264
-19.3119088059659,-15.7777938510446
-19.7371093654552,-14.42251381288
11.3512286037349,10.94073049988
8.30518101483143,-4.19443624560299
7.23691974786613,-4.02593793054049
6.77943295263934,-4.66550088325787
7.45104631466548,-4.96101147279282
7.26789943950578,-4.67143404166443
8.14281116688683,-4.79185575070407
9.68075697709343,-4.72105427029714
-26.8200055468651,-21.0241719801557
-27.074396967894,-20.4655558259059
9.69911207865551,-5.50755317260972
-28.0837045059679,-20.7125931829579
-28.428477270921,-20.7584288982201
-28.751230349384,-20.1424321251084
21.2411808822763,-7.93857692288325
20.9133974533053,-8.44290669038453
20.6190511606272,-7.92938556376007
22.1514618352147,-7.74553398188424
22.1405718553362,-8.10509769956991
20.7595637567215,-8.69837009204664
20.818556130269,-9.02228854057974
19.1549823464763,-9.40846604861928
19.2327601200508,-9.329409184934
19.3000130949555,-9.72813088715244
19.8795029142252,-8.56812348758634
19.6178620635422,-8.51917855956222
9.91425151070726,9.20804386688715
-30.9937219016436,-10.9067599398226
-29.1708222186878,-10.1238300497967
-30.9049637763867,-11.3870578676629
-31.7224301281306,-11.9817625576506
-32.2465676174494,-12.5949469115029
-31.7403507958561,-12.3149576057865
-31.710250264124,-12.7843752097577
-32.7103314274166,-11.5941046827522
-31.2864070943378,-13.0083457119196
-32.3747978400715,-12.8132784030449
-31.1996722310954,-13.1962607023245
-23.4841585772435,-7.07447889917822
23.9430372153963,20.9941301406988
1.06549769619788,-0.492254628151317
0.0480545547811509,-0.317094638106725
-0.389306375059592,-1.21839991167545
-1.78107672655111,-2.05984512772393
-1.1246415847247,-0.785831357975431
-2.02264778634551,-0.221627227845029
-1.81037815304935,0.143630320716096
9.93283746279506,-0.422310433916485
10.1106917104803,-0.35693920421867
9.70670620221675,-0.701090887343517
9.26221415184977,-0.906390530459856
10.5027161218424,-0.158434590891755
5.08997646154076,7.44999275772274
11.6636732032649,-3.00597764955216
11.9703655086062,-4.12922839881286
11.5179170817295,-3.65584899592789
12.2102289373581,-4.16007062247783
28.6204769626311,2.98181208922953
29.6522561218208,3.49196243783287
28.1841415415146,4.00228677407655
29.8909500519927,2.08931185131353
30.6343307271476,0.242868672729317
29.8788573127309,1.02997064688113
30.8723898167165,2.06667009984759
-0.00800927878823898,19.080945621047
0.604310604501272,19.9890304634181
-6.04792183167807,2.77506887242874
-7.31658035604881,2.49737051572093
-6.98147583957036,2.25240112793302
-14.8180419390831,-14.4994093101144
-14.0428951659355,-14.3525144919233
-15.5788220015978,-15.8434257008635
-15.56953178716,-15.5015521191806
-14.8892002730791,-16.7466598501591
-16.5824314304851,-15.7787215895533
-15.7397466594235,-15.8698359099705
-16.2802404412022,-16.2394318412736
-16.3474583509789,-17.1856062263581
-7.9459107259899,24.5492235024339
-20.7899149560383,-23.7527550571361
-21.7991807656284,-22.7781606881272
-22.1009729698275,-23.9987301121015
-21.3152044563392,-22.7015168603503
-22.4787887496443,-23.1905085075763
-22.1374399627373,-23.378145856431
-22.5302863105847,-23.2220712050045
-21.4597301493249,-20.2181789875388
-22.2947328169461,-19.178535392897
-21.6039377266099,-20.0055734509976
-21.4623330418564,-19.7588129089252
-22.6264889467107,-20.8617185806741
-21.9591501501421,-22.2453613891672
11.759593567771,-1.40218236888773
12.829452084109,-0.42627534785299
11.2451186352022,-0.635739675251775
11.4677894484542,-1.44848047330896
9.90678899372876,-20.14847129529
9.25324085421716,-20.3513633539534
9.51012773928107,-19.7968819187131
9.46411493567645,-22.3950878320429
10.3962474452012,-23.6203190722021
8.84229731126153,-22.3322904843229
9.06990977504618,-22.925604340503
10.0439627891467,-20.6305649700934
2.98004657081758,14.7022613716939
-7.50162152779596,33.7289758508798
-7.21385236997449,34.7965376112341
-8.2152946666275,33.2312809242946
-8.78300325690448,33.8744152282709
-7.2437829661281,33.4483577629615
-7.42212219376724,33.8448484401284
-8.81611267741292,33.8301318283383
-8.0461394832474,34.8505258509046
-8.33408100697447,34.0963870381569
-8.9898474025572,33.9074250961702
-9.71431694593814,33.254822351456
-17.7600134746871,-19.5620791656454
2.44880404070487,15.2477184592716
-27.4599515554966,-15.9612469646989
-28.1636308695264,-16.0735615517289
-27.3533240577968,-14.9970714956954
-28.4170370591855,-15.7829599429505
-26.573656060724,-15.6893809201868
-26.1213728855164,-16.202645214565
-26.6977963886953,-17.0585779943429
-26.2966317964505,-16.670028695133
-27.886229632346,-17.8277698036956
-26.1393702390503,-17.429943277574
-27.871436893948,-15.9861894129282
-25.918645700644,-16.9823610621954
28.608351348023,-4.86659354484465
21.554313820768,-17.5386237073562
21.3766692195707,-16.8834951580744
21.9232395567844,-17.3260697925697
22.2380602926187,-17.0220556217395
21.7386341709164,-16.1089812039651
22.2345763161215,-16.3703863606034
20.9914193778324,-16.6005642747965
19.1229965453007,-17.8689953283849
19.9693261396678,-17.4181932654422
19.6311230319889,-15.95872459264
19.1791003888462,-17.6174231941335
19.0048005933148,-15.846324991577
8.02553061850886,7.62778223562015
-1.82746507412395,31.5830276168683
-5.78086550920449,18.4926460651041
-7.0389644945117,18.7009753518175
-7.95342083798634,18.153112550413
-6.86913844518345,18.363986255729
-2.59104492472176,32.7028486218239
-7.96668087508716,18.0638162234183
-12.8938575458159,14.9169511326616
-12.2933288766786,15.7012867737539
-12.3111385214836,14.5942956123131
-12.6952412450971,14.5207014586125
-10.0653585060038,13.264366137908
-10.730207671133,25.4742745871842
-20.5654509903777,-26.6909123827392
-19.913647478087,-26.4205676744685
-20.4187918703849,-27.4193869406601
-19.2447828589712,-27.0407159510938
-18.2918533455401,-29.3128750703782
-19.3769887906358,-27.672040869199
-20.519665958137,-28.0411247473229
-16.3033070619482,-28.0299607325992
-17.9658594965957,-27.194329940964
-16.1422871164628,-29.0705446430338
-17.8490231689506,-26.8428611630752
-16.1978704170873,-28.1275803737508
28.1911848429887,17.927343402936
-1.7945642722828,-24.562178212017
-0.987410091689659,-25.5767047961511
-0.887643093757378,-24.6053881940634
-2.22026742476229,-24.607997598318
-2.58406383501795,-34.0733829904531
-0.363198109950366,-25.7612222715477
-0.467956531298669,-25.4701697801336
6.03521394752436,-31.8738573316093
10.6611188510509,-26.0219046194411
6.26279282914676,-32.7141136362099
11.6023378294833,-25.8896934105609
6.26103241506433,-31.149824647713
28.4619982978029,20.6101202324801
9.43730390518003,-14.2837200281988
8.49612133795978,-15.6629563991668
8.59677343422083,-15.0391714880497
9.93035093465313,-14.9976789069912
8.02326796717715,-16.0986105664345
9.30113698281074,-16.0085283648481
8.29632524692666,-16.1127190232084
10.9310913349368,-17.3448511326099
11.0388538600951,-16.5570493099642
10.1831306250051,-16.3116495928656
11.0772187286753,-17.6914335900687
8.58515171911742,-17.1159018954477
22.6405623033301,19.3690429959583
-14.4697937363464,-22.2312066288383
-13.8754313011786,-23.5628494274437
-14.250176360904,-22.8816645384719
-14.7585506200662,-24.331216437553
-14.5489886940389,-23.9343603274283
-13.2433701753204,-23.4021592906154
-14.4253208046757,-24.3074673611262
-11.4696696856349,-24.3896879658973
-11.6574193029868,-24.8379291710881
-13.5935663328832,-24.7161182330439
-13.8867010156738,-25.7995096237811
-11.9540082406179,-24.3441825454656
-11.7380462301527,-31.3561183532283
-12.3689639617463,3.23332064210774
-13.0295201479572,3.82985315203114
-12.2522577254508,3.77856441066669
-12.3133452257358,2.97210010296349
-11.1704070872308,3.62013414962879
-10.9994467058567,3.76647248927518
-12.6583588841266,3.28852304807754
-18.7351352939658,17.233447057551
-20.2820398450346,17.0671417317946
-17.7619363634054,16.9703238202613
-18.8288686789188,16.1479881115535
-18.0025613228526,17.3634813960065
-14.124365922215,26.2131534033205
-7.35790344705422,5.06023933723469
-8.40358676595075,3.8954956455036
-8.825901121865,4.4390017931441
-8.06338039108443,5.4333858293623
-8.16934795174793,6.16412507703802
-6.98378143065563,4.44605855049687
-6.99175355862583,4.2899638131314
-24.4183729312162,18.6826125166919
-25.8030211713476,17.4060859485617
-24.0172127662132,18.7005587394258
-24.5930980556368,17.9839945576984
-24.7006207398738,17.7373380341005
-9.05475395220457,26.2381556137333
-13.7864734074856,4.10081685488277
0.52764297397014,33.3608053006813
-14.1494666357435,2.19556303230081
-14.7686342077215,3.52339303123956
-15.6673404867111,2.68774819795719
-15.4900374952729,3.48810506416848
-14.5699427282487,2.36166704663877
-14.5635595102361,1.37897371818782
-14.1223238165555,2.72959031806524
1.61460181174068,34.1971003499015
-14.5311974943326,1.55222627019278
-16.6032648459807,2.31698534513517
-9.94726635110816,27.449678873667
-18.7593591211301,9.67816559626993
-18.5458741803083,9.50698817698887
-3.7894323662896,29.7686837688196
-19.4040890299635,7.75181354422862
-19.996505325521,9.27390281478559
-20.1659315320157,8.68792103655751
-20.1507800611066,8.92725573831417
-18.4677540691296,27.2839536845386
-18.6220918000171,26.2044064586618
-20.2759147457702,9.04920237688924
-17.268334724274,26.2751206034668
-17.4869927537324,27.1636721827127
-12.9921858928161,25.6006426458719
-13.107233505209,-2.49511974874558
-13.3575911096835,-2.58340407153431
-12.987444466717,-2.59399994862989
-12.6787283766749,-3.26522674565912
-13.0099201176277,-2.63255314938948
-13.1880562816964,-3.65381028659273
-11.6504155731588,-2.301391317048
-13.7459485772847,-4.61289014573596
-14.0556198564319,-4.71609041153462
-13.4035871194597,-4.8593593090495
-12.9653086020593,-4.87563676856064
-14.1798212930916,-4.38192464750353
23.2478452610172,22.1151798372812
-3.58981117153507,19.4741720214027
-3.71044746782249,19.6805848454163
-2.38894465183745,21.6856935409417
-1.4336114805711,20.4117384722037
-1.38393229027134,22.391843539875
-2.63017028579071,20.5626520371379
-2.61774875173207,20.8186510781671
-1.09403998035227,22.8968347556516
-0.96911304637252,21.0761993750554
-2.16282098655695,21.7498059764592
0.243635947830402,23.2285850908644
-0.158419091340509,22.5056996031886
-9.09619923396345,24.8294834767165
3.99557894537077,15.0932593846858
9.55056464230949,15.1837786973812
8.13668441603774,16.2321621796081
6.82823092262339,17.068622400402
7.79466674650103,17.0630633906114
6.39995693669203,15.8049902512971
8.0761042574829,15.9635340167821
9.19805433231283,15.3292045155069
4.5305363311634,17.0124711839216
6.95381128943702,17.2522774747833
4.75294462527125,14.7031385418739
6.05979474221493,15.0611506911518
2.80283543046867,16.9851653727057
-2.20650161980073,-10.2730852725459
-1.49878838739031,-10.1675040239259
-1.10227948919021,-10.4892062027006
-1.70408204523185,-9.94613595308809
-1.42385311323246,-9.47231416127797
-0.644939820457299,-10.8270780464315
-2.4869910240198,-9.62073415161777
11.2556168363617,-7.08235929747146
10.5920882088614,-6.74002113092575
10.6329889199275,-7.15134331715342
9.47157180039274,-7.1343234227941
10.929441980843,-6.98808229466548
8.11017737975824,13.2687432192701
-34.3334651307328,-6.66807851992223
-33.3325232605674,-6.78724882482261
-32.7453448541649,-7.47430545768515
-32.7064192301909,-6.14491514208606
-33.8931712250375,-5.73176360847475
-34.1653836960287,-6.31473916083227
-33.8814520019429,-6.30155039782754
-30.8370819719794,-7.30465765518714
-30.3141848792809,-7.07699420650448
-30.4238038492268,-6.93500690213393
-31.8888765550674,-6.40988417459817
-22.1834591936111,-3.00783888104989
1.8501644395635,18.8260374341401
6.62915587759595,15.9988097940726
4.69970466472213,16.2159133825995
7.46560515392516,14.3924664552396
6.42891598235309,14.7016395714554
4.25547839262099,15.2527020641774
4.14292901414098,15.5618353238074
4.32488516684398,16.4634741552009
6.80233919932604,14.4912395364288
4.39168847696942,13.8469590692379
6.50955596184121,13.4763395273834
6.25014667897216,14.0993724261532
7.77309948454125,21.1840254832936
6.07080076895975,13.4044339165114
13.0485585684119,14.2470530414683
12.8895579165323,15.6277365947151
11.3734179483164,13.8093702299581
13.8526124721827,-2.51653026630508
14.0256805632306,-3.46917403652284
15.6737047010997,-1.87424839452809
13.8850919020687,-1.58224562627976
14.5606735739815,-2.19339265382479
13.7882031619445,-1.78599638050173
14.7294038299812,-2.53034484509764
11.7474592621032,14.1602536644434
11.822331723168,15.0840003905403
7.0430079611865,13.8436839893773
6.456326607251,-5.12843310262056
5.62354884862178,-4.10712337410279
4.56030841479078,-4.94491428369893
4.79335626014966,-4.22506296161157
5.87296679498972,-4.40318595182823
4.62296008901638,-4.59314379584421
5.70000022412372,-4.97837923683197
7.67131610748515,-26.2779407201037
5.8829774558578,-24.8506347008798
7.13847411832935,-27.1052309075979
7.53544606578938,-26.6460583895582
7.03118410807882,-4.98554342636027
9.80421224269637,17.2523734040906
0.118205963440122,-15.5113376280821
0.600201844544644,-15.9387050960199
0.942186942671186,-15.6190289683996
0.273678804311724,-15.6074994088589
1.00980447503088,-15.764836849818
1.60867007815301,-14.4427449317816
2.19812507279738,-14.9563920524459
3.47273197996734,-13.4859896205158
1.63011754962993,-14.8703388325882
1.65777723399503,-14.0363528308136
1.44293850235205,-13.6295746349683
3.15078998862845,-14.7167754822272
24.4868057855043,22.3984524893136
-6.26830715406807,-24.8412554978566
-5.77776762085457,-24.0437270763272
-5.64680843447352,-24.2298903367558
-6.72559653458317,-25.0839032569874
2.95644901585965,-32.8431892978066
-5.43603379783944,-25.376257552451
-6.4417826766981,-24.2551896354569
3.69926043876882,-33.9016672310214
-6.44778318102936,-24.9082984232251
3.46270287845014,-33.5751091374111
-5.71559706232279,-25.6662674831771
2.75703179358776,-33.6789221349992
24.7961817894537,25.7359310717822
0.52430622934676,-3.04689187980755
1.2289008660409,-3.6527397050697
1.64893137595905,-3.79643162386334
0.420939242344567,-2.43669148829077
1.18475817804051,-1.90530242848794
-10.1811441755053,2.40219459303914
-10.411196127912,3.49838262600666
-9.45794558397592,3.58742897143666
-21.2226989409406,-17.8211538137787
-21.1321604640073,-16.371097259106
-9.77129665719836,2.54470925537706
-22.1579162125041,-16.0879410293667
-8.20260673737523,26.7474328746977
5.72292115700231,0.996212546594171
4.63321861368553,1.52110707688074
5.33001985806743,0.403301936511777
5.05308572889937,0.314888078714198
4.78714516470002,0.612002970025936
5.42672106678918,-0.19052492940097
6.38564925604707,-0.161723120787688
7.52157705857744,2.51299433532222
7.63277720615019,3.35638556614389
8.03474657364698,3.28444423267814
8.70743728557531,3.22503312855936
4.88337818874836,0.781927680744916
5.89024774079034,6.53975983869911
-3.1381352809134,-20.9121078026671
-1.91590982402811,-23.3688814750069
-2.20855655282301,-24.3400651800145
-2.05638789515708,-24.0398943623001
-1.77928247186123,-33.612254765449
-0.946924038979494,-23.4386481627496
0.362443460845046,-25.3355795360853
-0.543207644530678,-33.332303626047
0.665486701060754,-25.1711028406891
-1.3814306492483,-34.6889116445701
-0.86163561274039,-24.0389539089515
-0.230248129199288,-32.9303725138843
27.0574292615027,24.4488590172421
8.5826430100927,-7.24293463951708
7.33991804771536,-7.26472555177206
7.18178634410702,-8.10587180917621
7.78157796708063,-8.23593493609205
2.48661889469676,-1.39335902202582
0.623540194938663,-2.05348333571168
1.49009108517485,-1.05332144319583
2.90358498806887,-0.681769620476892
1.59308608833002,-0.600832244382725
1.26916786069576,-0.270330240398626
2.82773012118903,-1.42293197664474
3.42811684544912,-2.54179971985989
9.22347213584955,7.39833740312611
-17.734822887691,-4.84302949681911
-19.0566387794082,-5.63922058421779
27.1545922210795,-17.8616913583786
26.9231379648912,-15.9566534518048
26.7067666329699,-16.3308289672863
26.4853016366937,-17.405787344925
27.8426119889249,-16.5487927338913
28.2385966289865,-15.6520796310606
28.7450965045754,-16.860378084088
28.726906361053,-16.8981753736255
26.9484205009331,-15.9573012231581
28.0433766567904,-16.5811532505253
-8.92545445543841,23.3799384888391
-4.89121659542096,-0.479839562434315
-5.21206742750838,-1.83117844666523
-3.61286414439589,-0.633289155887217
-4.37907255902221,-0.229626832248701
-14.6899344673209,-12.030122803878
-15.6574590721075,-12.6355143036873
-16.2272039191598,-12.3230920747272
-17.9005796743945,-14.4612481631348
-17.2192646775225,-13.5023292189605
-17.0827325089038,-12.8106734241295
-16.5304408608279,-12.9765667405974
-17.4771011333807,-14.0950217009033
1.53973075523815,15.3955781477018
-11.0521568734311,-8.84051953597525
-11.5653885787337,-8.24212276132439
-12.3389242056633,-8.32431131859465
-12.5395058071061,-7.81837756741258
-10.6689181891773,-7.7659431838963
-12.1970208352781,-8.94628202041007
-12.5388821034341,-8.62950978857249
-34.0550813789081,14.2120691044218
-34.1775774640267,14.6811700862631
-33.4130874039644,13.4653134814341
-33.3697620925885,14.4463122464281
-33.6121617691329,12.9799924497482
-33.1751522365751,13.7599689580908
-28.0001173012852,-5.25255919619883
-26.9495756955264,-5.88920570590503
-27.7732572931801,-6.52901639426902
-27.8491154378138,-6.68772244794917
-27.9206175143898,-5.10036151157744
-27.8785050717679,-6.02869790297821
-27.2446230852602,-5.13589646585813
-27.5988750458048,-4.51557359330755
-27.6011767989468,-6.12407245565672
-23.4088810511196,-2.83888987691458
-25.2237287630043,-2.89869818644055
-23.23297232705,-2.0753500471793
-9.13243366925945,28.6688659994965
1.37821946398517,-18.4025717234012
0.725778385199221,-18.738089138381
2.08294845982761,-19.2278525381341
3.64390498627184,-20.3549102942096
3.23539106787722,-29.4940574739464
3.39955063047373,-18.7197181058927
4.40490103565526,-20.8324839207883
3.56146567319812,-30.3216748534172
4.7975150485242,-20.2848714049614
3.77829671692299,-30.7192863557939
5.84314358895378,-20.22170652137
10.9369077888763,-13.9756615588797
24.4887014058009,24.7809083359381
0.384546977774884,-6.96001884921481
-0.364315309881109,-6.81517906226893
-0.0262213827459236,-7.32031867544691
0.481011905452562,-6.52933403766617
-0.542958055050655,-8.1260480034695
1.95079402995752,-8.66803962562471
6.81535722715096,-13.889579298799
7.30054709227319,-20.1687971246212
6.82883842037474,-20.3573464740675
7.52897712574091,-19.3536145232354
8.22917006571817,-20.0336024523962
8.69851507613732,-16.5219152269146
23.8830723687867,23.0724545803657
-13.4516450389946,31.2734058347455
-13.5923461460114,32.5589911978535
-13.3933810456686,31.9943966647949
-14.0531762831819,30.7792070427736
-13.2362128625437,30.5968251603212
-13.128514040199,30.3334918207404
-13.9843135139206,31.6184308848493
-13.0586887411447,32.1089644249318
-10.3203399800859,15.2149271174097
-11.4574132935351,15.8270802580557
-11.5678728746145,17.2075472020062
-10.7686464483999,17.4643032242155
-7.50506439640297,23.083275743994
-3.4173098700228,-23.0470546820066
-2.88685363364524,-21.7670996771054
-2.90901429121633,-22.8626138230274
-3.84000846293359,-23.0692097583122
-2.80646320277431,-33.6722658823156
-2.27061499583761,-22.7577371842829
-1.04537366809582,-22.6913151267059
-2.48171379502851,-32.4052031040275
-1.56021956130119,-23.1156580896242
-1.75806886718756,-32.1270719292795
-1.98367739656138,-23.0448134195955
-0.887604741435336,-32.587706391661
25.2511000018208,23.4669477260025
-1.40801150899014,-3.15248155807162
-1.5614609169163,-1.51656046493719
-1.95937623040503,-3.72177373266416
-3.28719807454961,-4.09062580892067
-0.24262357223307,-3.6649581122687
-1.67793112373694,-1.85168525636708
-0.678763016766116,-2.77482853116902
-28.2703551407128,15.1291766484693
-29.0343683705606,14.5339479083971
-29.5792406134953,15.9195824935412
-29.6807706859459,15.2520289327796
-0.0155591207033523,-2.89399155026352
4.08770757888425,11.6668616777347
0.579513074958552,-19.5352399576949
2.42531899123293,-19.5051411969228
2.21239647988234,-20.6266358781625
2.57314864342822,-21.1665888519393
1.83153068610709,-31.2496867888245
3.20851773116176,-20.8155130410275
2.97855409045093,-19.8866461678912
1.82803095136616,-31.3442810607976
3.6089388268006,-21.5342316134117
2.394108119858,-30.5754245234537
4.9239972145967,-22.6799720637753
2.51979303593062,-31.6749767395467
24.0906031178424,24.4042658546995
12.0578456013945,24.229037313234
12.1720017716538,24.0523202234898
13.8673122376099,22.8586832392069
13.8025199193561,22.8101324067778
13.4305387842797,25.0810677384268
12.751736465987,23.7793443663414
11.0327887158452,27.9642250754135
10.2988415910943,27.1473463767716
10.5632880362693,27.9964353414872
11.4049773740069,28.2021492258888
11.7393116025894,27.3251725467073
9.7884855238348,27.3332485217637
-6.99918615061929,25.9351595029784
-3.96885340729427,23.7020559015413
-2.61001667435616,23.6474580370326
-3.80848757829813,23.5012675687384
-2.16667323386677,24.3093458724097
-3.01495997643474,24.7279143423984
-3.7043422725074,24.0308138844081
-3.80841281757725,26.001207454187
-33.2221190921403,-1.98206814344341
-31.7213899249307,-2.71980098966391
-31.4854318588554,-2.75723440978109
-31.9992381154209,-2.99897445844709
-2.84468872573913,25.4536734020631
-10.0291450699643,24.6998568002755
1.31131752104587,-22.6226252532485
2.27323778101867,-21.295942510509
2.06446420852822,-22.8817625039289
2.89269104341037,-22.2180767682958
1.85323777050191,-31.4970395627251
2.9876786259433,-21.0234662816256
3.69899581471952,-21.8122436586208
1.78204191230106,-30.8889320836358
3.78510786395357,-22.1129774821865
2.10097514243129,-30.9605658964268
4.28041596886975,-22.6735837153122
1.94302660308012,-31.9001543680999
24.6533071513737,25.062759182959
-4.66728901730765,-4.43133570787095
-5.4214223586738,-2.9884167352942
-5.43360067001198,-4.85831789658039
13.9380082146366,-16.1586503000229
13.4914870677768,-17.8095849435566
14.2545931109812,-17.285034655615
12.8327933269027,-17.3419265035908
16.2458341693499,-19.2566504236126
14.9638055961872,-19.2989354229508
14.9283521490382,-18.7712636324161
14.8165208953999,-18.1524452575009
13.6366817782728,-17.4894186313192
24.63811996103,20.7325625426484
-6.93470792540497,14.1869915034798
-7.2241712199108,13.7311359637504
-6.10764812114149,13.4149252047541
-4.74784282404614,10.7374044409777
-9.06358026019622,11.4549595830375
-4.52648929704351,10.4533265732328
-4.9093313329742,10.793202812617
-20.0828319524641,20.2902584465264
-2.3663205932496,9.37717178414594
-2.30026533858502,9.09161797676918
-19.0208152652072,20.2592012525497
-2.11983784331373,9.72058620028099
8.71480453852609,11.2756035058533
-14.1092802425579,7.15256995156843
-14.3627615264103,6.91561340825042
-13.787447787198,7.19125178363324
-15.8162990903978,7.2933757666158
-0.552798620992541,31.531490241582
-15.0272135660959,7.35318050292756
-14.7632540405699,7.22796528537345
-16.3920473508271,8.59815734984607
-14.6544393173572,7.66711393326615
-15.426562167009,9.12208611823766
-15.7177488812796,7.03713216666854
-14.2530886121773,8.16202189488985
-9.18483728556931,27.2627372066072
1.90208767644202,30.2380410559286
-9.1972867956923,7.1776468010164
-9.86108254698481,5.2099620957298
-9.91874536065991,6.1485416021647
-10.858866135965,6.28476655444698
-9.28426285607083,6.20703348906252
-10.9603821464696,5.56263560257388
-25.0074376003533,20.6690007693451
-25.3606279195932,19.4244207012865
-25.1095906831141,20.2541884690798
-24.4979889240766,20.7833118452591
19.5232884603368,5.2570504766376
-7.66713814292187,26.0049601038077
-5.83603923873878,18.6841877265285
-6.21767991385036,19.1004190800998
-6.09356880790726,18.9273510394003
-5.06709119875978,19.0647290236908
-6.19760911810546,19.6737303553566
-5.77321519638615,20.5966375612042
-4.88477305305078,20.6643616030144
1.27709635451862,32.3083891005254
-6.93589828963484,20.3203294621258
-5.82425341275094,19.7977187599184
-6.9233353945356,20.6251904893024
-6.72899959231067,20.4975581985104
-9.22624158045687,27.2862541334209
-26.3759609166114,-8.79009581190499
-25.6344543642091,-9.91044008180828
-8.98602014022759,-0.717466125094471
-8.95173808380444,0.631267766357567
-8.3374253100088,-1.39581304344223
-8.44406460889191,0.183664853217073
9.27642273574538,35.4181295519818
9.70283737919194,35.8799080146443
8.98162315753276,34.6968265499446
10.0254221791845,35.8700622843798
8.70942527501169,34.4399501927264
10.3010004188042,34.0804797853011
-7.76567952566345,28.018460654202
3.0191241652468,-5.13278477510976
3.90951313828336,-5.79557426132197
2.69473066159829,-5.67368349860352
3.36591426358763,-5.82318339157888
3.56606831234942,-4.65050131805617
2.57525699673373,-4.71516418987522
3.259097537821,-6.10219026344251
7.53551028977886,-25.9291941298917
8.46729184569422,-25.0186943387041
9.7604211964455,-27.2795626906499
7.90364790898896,-26.5192374002627
12.0827613415755,-13.9634652008096
23.8928282118253,24.725986018651
5.24105270955802,-2.71483634961633
5.69759219636422,-2.00316287855705
4.61058905901923,-2.71855420542182
5.90112025394977,-2.62401463994438
6.15037545423847,-2.70503767988381
5.91040138244545,-1.26339148746003
7.11236841039624,-0.479648293164379
7.14709200365107,2.84206208813487
6.73221040277977,2.03648329933752
7.48893175142222,2.47599066023002
5.87414913102468,2.6545063785849
5.52198228285815,2.06514757325938
6.86641147938266,5.64054736054834
3.77075107248844,18.6788362572258
4.82343478456453,19.1707515125349
4.523999702548,19.6681888024406
4.89033840700809,19.665484260906
4.02577745474029,20.3947741740733
4.4260418679952,19.0334782768848
14.453856538879,17.6167032618116
13.3974584481919,16.7571417656961
14.3041389727865,18.2347046841442
13.6534933735419,18.0920282442136
14.086268093157,18.2610443402208
12.7803814642554,17.8719860582998
5.9041492752627,16.3564138359976
14.7306286306339,3.92854732936849
15.3923327334207,5.46300658011458
14.3149157884066,4.63484719904701
15.4977347959095,3.72074652972775
16.2051379572077,5.28485052153273
15.9499323320769,5.44238906844249
16.0811765414497,4.26804702498493
16.1368908051483,3.47543903565566
15.2277764709331,2.02822313241548
15.9158951869346,3.4247286988573
16.7704307685724,3.55719125046764
17.2409069857512,2.82635486754003
10.3647130746938,8.06779222544878
7.52396469384005,17.2720070163306
14.2700470526393,19.2200434573928
14.3071343538108,19.2699839411739
13.0277790482515,19.4775690885109
14.0208457164458,20.8960206304044
14.161293283502,19.6243483912428
13.9749910379925,19.5461176001603
13.9371239408775,21.4180818716021
13.1637195123201,20.8459632466771
14.2498465556362,21.0651662080296
14.3762037998106,20.9953010642678
15.8307441052661,19.7463099668192
3.44045615925906,16.8777955235226
11.9014552068514,3.18738159402693
11.5777221157664,3.92172175443699
13.5604525981186,3.68671691610333
11.7739468181669,2.49611474398623
11.9201283711773,1.30179296276492
11.8568349375852,3.43596671207281
12.1831579893192,2.77594744149469
11.7655153185453,1.36910894290112
10.4534463237518,1.24050280685396
10.6508251988708,1.68981391558844
11.7956032185735,1.44887422792029
13.3423833504685,1.26926156099751
4.40151605975625,7.83441616174357
13.9983329014487,-23.4062119469578
14.3204305272014,-24.1715724350514
14.501282963369,-22.9971823031624
14.6077838692892,-22.5172242711652
-5.61088355832262,-32.6543751383183
14.6450116113828,-22.5057936220881
13.2377945260057,-24.3733068894915
-5.5644816327289,-33.4026066211731
13.5730031278654,-22.54117752606
-6.16150985998502,-32.9931160231008
13.3892713146793,-22.7323140489776
-5.87434940564519,-33.3066729797362
26.6610262865403,23.4300977526924
14.3127372681748,8.78988550335892
15.1118706327531,8.79909043438496
13.7827359139525,8.18316133093836
14.2119714187908,7.49147159816923
15.8522714995584,8.88431037673179
14.821588760139,7.1865765377042
15.7653219951712,6.47600788140903
14.0780912348129,6.61151643265149
14.7078979170963,6.46098762194398
13.9726321380255,6.70735004690056
13.9593316343452,7.18343601117636
16.5800497100499,6.35897418219404
11.0064605399702,7.8163878086372
6.28103791322034,-7.65488145136104
5.19098796341222,-9.83432890608866
5.52292747353432,-7.86916609447593
5.61477862149868,-7.51098665075244
5.72676911059839,-8.84876479956324
5.64555956823408,-8.4094444145796
6.3601168650933,-8.47690000935069
-22.2575371333852,26.2002910890101
-22.4771581500333,25.4112051515444
-21.9664463070202,25.0606372776367
-23.5127105700458,25.6029103102375
11.5294502040185,-12.4844431430934
23.6212153092517,23.6544041476344
17.3635412960217,10.0169323485156
18.0324984930302,10.0740304233674
18.2543815260636,10.1031204105392
17.2980106983039,8.35939153063524
18.0439527737765,8.78111040735337
17.0179691241625,9.90213034552437
17.8562279452141,10.3955437259366
16.7709999198489,10.2761802667117
16.0778616266551,11.1280283858618
1.93097544253355,33.0121235134429
15.4818913890804,10.192805112519
15.2592339604594,10.0886705928805
-8.40576372973977,27.9566360837852
1.27944363678539,-11.0976667300066
-0.195366823252529,-10.4078993678517
0.602921007067956,-9.87941211601787
1.33067592272868,-11.0075534889314
1.00224087562134,-10.9563005676378
0.940430767244087,-10.7611338395644
0.607646084075816,-12.8223501882342
0.767372998941106,-11.5684658894923
0.484839316242787,-11.8732318416489
1.68279154348895,-11.5351638582938
0.375466898207485,-12.3673222073887
3.53126878851549,-13.9688088068253
23.9314923486078,23.0521837398523
-8.78347751198674,-7.33517610944236
-7.87859536675825,-7.9596292758637
-8.8715919513389,-6.642051153223
-7.64583364832154,-6.90198238069494
-8.08497129507267,-7.70692537147322
-8.52890611047014,-7.62289838398406
-7.64847905104296,-7.88971349218599
-8.5009353870202,-10.5297359543656
-7.7124534672106,-10.2282084537144
-7.22068510700189,-9.06463284461716
-8.81171224186169,-10.0153794331767
-7.72591965469295,-9.38407231128799
0.510666242862718,15.213821453554
4.64420348763128,19.5673302594367
3.7815804538855,20.8065757805815
4.69017888157184,20.1956181116041
4.5429331998527,20.1384449517011
31.9635006159905,8.78281093221296
32.6913960775515,8.11941933095319
32.2395978167762,7.55812720192741
32.3926294242992,7.70755800497707
31.7771155004598,9.02302003213546
32.7389461009982,8.44550339367693
31.9133452929153,9.00731819315128
6.74556621233623,15.1543443498388
3.49406809414288,15.8128309333338
-2.15216755633848,15.9316420173551
-2.38769274284549,18.3409736055528
-2.50672826200695,16.5900193166673
-2.06662091745178,15.9518436829938
-2.533739147375,16.1348576969515
-1.17996378404854,16.3381033904138
-2.69972917561902,17.2721354759037
31.1080670354662,-2.89664404017804
29.7301846999341,-2.6547398307364
30.7448631911557,-4.41491324302025
30.002830840443,-2.62657976130801
-1.61289425448616,16.8737111748926
2.41201199359473,17.1158047746224
-1.60393556388854,-17.6963415324156
-1.94586551073725,-18.6950504977535
-0.896672194643251,-18.8753994246827
-1.24640913733837,-19.6363844304613
-0.286519861593178,-33.5653837394012
-0.338211695163932,-22.1754173308459
0.675098266270588,-22.0799066393446
1.01350171215939,-30.531826562267
4.66068380380645,-27.1526196099841
6.4706206852816,-27.2122181022908
5.5594104960294,-27.5441554363603
-1.20167279301039,-31.9658276527972
25.6518766351292,22.7149469027044
-21.7971894286846,-8.10416663758842
-22.1170947108593,-9.18647270793567
-23.2460670686215,-9.1555648218515
-22.0935566415999,-7.95764986668644
-22.8980640648867,-8.41201090204537
-21.258791820142,-8.21474872685139
-21.4045839811342,-8.66203300347613
-21.9337593458558,-8.18373049312622
-22.6975880740127,-14.4697537054959
-20.9172396110339,-9.34119301041692
-21.9602142853424,-7.46333052550172
-23.0465971716349,-9.36482309967851
3.25697218003079,16.8862147306033
-17.2485742888065,1.02324365270113
-15.2250300879826,11.7897382446511
-15.4604667070235,0.710520489285609
-15.5227649021173,0.108239763215702
-12.7527200215704,1.99959958299138
-12.647555607073,1.54369730187792
-13.8709572596737,0.654370083688788
-13.1722660329852,-1.3553721887894
-13.9377480946988,0.690022550439887
-12.6002664285122,-0.808149174270921
-13.9422087135456,0.73236839125178
-15.8239613148325,-1.33812817167149
-7.48611398251468,26.2748198673682
-3.23134976235785,-20.6733218160083
-2.51274870864726,-23.0876806765269
-3.15263622714281,-25.2233456296598
-4.61272947542158,-25.0690732828206
-4.14973605487556,-25.0717408646312
-3.63915011776267,-23.7548662072541
5.33886464962938,-26.4662346171443
15.5345068563466,-28.4375547628125
15.3337792635868,-27.8667872847362
15.3814822680917,-27.5824753257576
15.309183578102,-28.0762593579552
14.0404426884378,-28.6372860113574
27.8669299673566,22.0075107550807
-7.10045830379682,-21.6050030126854
-7.55083021515056,-21.6786949999585
-8.15449502173277,-20.4502771856389
-7.36409980283485,-20.9193341892095
-9.14263937306764,-21.01830640863
-7.47161974082181,-21.332359585297
-7.95570579167665,-20.2689174286284
-9.35903016039838,-21.5765044246656
-10.0835956244417,-22.1348120228688
-10.958058370064,-21.6874771890372
-9.76883197758292,-21.999230111846
-9.46468739131665,-21.937115700865
27.4026819133942,20.4075921853285
3.35941664925176,-16.1625636141429
3.1925633773569,-17.1812585645374
2.04445101680485,-16.6194044302022
3.13219527769735,-17.8795971272004
4.74117755176087,-18.1319598418923
3.09951766383901,-16.0889311700738
2.08609796187024,-16.0454332445868
7.48445995933403,-28.4406839349041
7.95085639203958,-28.9614406608834
6.60028221274871,-28.9518688069606
7.33533618558031,-27.595619680419
4.83096291673013,-16.4968594406879
25.3309721891428,24.5959993719959
13.1753111542039,-32.7966222037996
14.0473161097451,-32.2659506875529
12.1194995237517,-31.4011146190616
12.1648835508938,-33.2537197198756
12.2212702198564,-32.0072970685969
12.7112631061548,-32.5968762597082
14.6756829658269,1.44035209493448
14.8108791438066,-0.355357062966302
14.892632507766,0.567691637844911
12.8941261254849,-0.653809186782615
14.4985539595448,-0.419459832419574
13.147697413885,1.13048061744413
10.094017780766,14.6734328392157
23.9227915640853,-3.4244745650897
25.375298049646,-3.07849424653004
25.1428926110086,-3.09685615273973
23.1038468903635,-4.07072110248587
23.8475759067523,-4.35559015679294
24.1067579520739,-4.45313487923109
24.10089827772,-2.76550717451854
23.2793850476625,-5.35312832873822
22.8558593341734,-4.62298377804744
23.803630573712,-4.0599956332796
23.4196384050572,-3.74839372040869
22.3506104809379,-3.55765403689412
8.52297599596648,7.65198593871606
8.63107553310361,-34.6095715333066
9.15034073145565,-34.5919661389096
8.61189253949846,-34.1317448264596
8.33943672897184,-34.2136678847082
3.99340932517174,-33.0555152127374
8.19004563140406,-34.0193810338262
8.02479661778323,-34.4872711248118
12.1767050642795,-27.3733036123895
11.9897650658578,-27.6556753480785
11.3348723175124,-27.3592933862246
10.4298325219653,-28.2799962339762
6.16207553341168,-32.4390812007113
24.3761865244894,25.093555254056
-14.4260766678733,-9.16148566548438
-15.2895703449474,-9.35095600907519
-15.1512646794911,-9.17723462612045
-15.4555100245901,-8.43255623042292
-15.3339195590971,-8.82106306547988
-14.9991421144138,-10.2976006474077
-15.7080629770591,-9.7204814267013
-16.1911992187582,-9.41126463057825
-15.3042241542391,-10.1507582146251
-15.9908176443139,-10.5538163212476
-15.7120789454066,-9.63840799277924
-16.4732062998522,-9.77986678395503
22.7094205468404,21.0867173460645
-5.57861720358346,5.22413854198921
-5.59189235805869,5.3637413124211
-0.954577802346748,30.68732033305
-5.28134060944008,4.64677627828668
-5.89487178104926,5.23431869131502
-5.99567792837776,3.98486510898904
-5.95694467548884,4.44292695404137
-20.2487772502456,21.5643229763072
-22.0906577634377,19.7039210825412
-20.6237612616773,20.2489674390325
-21.84905652043,20.3919515034595
-21.2913725599704,20.3254362186094
-13.5283349865192,24.1937247880082
-5.75803364658813,6.38017930030696
-7.45266981019753,5.41214454326056
12.3870521423254,4.87088525221162
12.6133345316374,3.14711699334826
18.8757512806904,3.14715154987314
19.6335700722612,2.01152679660519
20.0042634055765,1.95259127119657
20.0561446774838,4.1812966765637
19.7542310298031,3.59753166989827
20.6484840975752,2.79037307781355
20.9858478495964,3.50232069221917
20.5292879871043,3.20246220270242
22.1618408120596,18.2758165469946
-7.22734907952676,7.71122860323838
-8.71341842444023,6.58903566715795
-8.01512223196171,7.48528596758304
-6.64702082414447,7.38522019748907
-8.52180731676394,6.22103182867279
-8.16421186519479,7.75677091738353
-6.69510095855994,9.25008579531983
-9.20336967989346,7.99895943233225
-8.30954180444096,8.1194701876152
-9.72930573440872,9.12926109269316
-9.07624448960202,7.54845448560035
-9.42775733225089,8.48413822489667
0.0773466566077617,16.1221306263753
12.2697857265084,27.2185824676991
10.6303995771606,25.6337838068156
12.0532047170807,27.304513197598
13.0960396300511,25.687881380288
12.6281797350872,26.1878132369492
11.6800999841475,26.0038442385555
12.6261003657048,26.7978838105527
12.1090801045238,26.4926074311881
11.8125009763683,27.5702591856122
12.9929810064653,27.4331638566411
11.5926925680927,28.2280651539256
13.696591546503,28.7389289906222
-7.6629773513283,24.8344993941901
4.54695717711895,-2.78974979935265
3.81086239047634,-2.32772266317596
5.31042685545885,-1.60226825267904
5.12355512865296,-1.50394181479442
5.17406350174519,-2.8908516680935
4.70356011324871,-3.0350553917592
6.15789972065846,-3.02851187216593
7.76814608267372,1.19736711961923
8.489431805162,-0.395368754475461
8.83031513421762,0.20236479165128
9.44469008045182,-0.138900804759972
9.27210283764516,-0.491991743221569
5.81194515693,7.49764861173476
-2.45834132101203,-16.6711773727111
-3.5774328795474,-16.4166489615631
-4.0152061385378,-16.2421087535525
-3.58580379786149,-15.5432635370718
-3.8321363681551,-16.5580308148244
-4.01232640295277,-15.2437527063718
-3.79997323189577,-16.3963302986748
28.7341189674869,-7.08963626614506
28.6669126442225,-6.19897535131875
29.4711606188864,-7.96885168556848
29.3072842594345,-7.85438188683197
29.632344092861,-8.44302362317539
22.2355420442662,24.3827179457639
9.62902468419053,15.6665227699918
2.04413253519562,9.10567265557141
1.89136927891968,9.20000506013858
1.50806641324221,9.97576468425796
2.91202970444098,8.42085478279086
2.53436977178005,8.57807693483651
2.22644804940076,10.0330283092312
1.09746930311285,10.0908403168661
-24.7082960791748,5.45778681154321
-25.1672367728725,4.94173975605391
-24.8290694250399,3.94242195411658
-25.1378590278708,4.45019138229286
-25.2132881382302,5.98319657895272
7.58574339866951,9.30840342060761
-11.1805731611201,10.461838822551
-10.6738879714069,9.06970570544115
-10.2091137974606,7.81061925245755
-11.9358455885181,7.55071188719965
-11.9257104016841,7.60083365989823
-10.7975873160229,8.09884364857067
-12.2045681028063,8.50244642352068
-10.7231570072595,8.34742158984245
-12.314932835021,8.56931317631918
-11.432877981646,6.65393479300204
-12.2803841809934,6.81748662717299
-12.0753140253553,8.36522056775582
0.151987349355371,15.0953821260805
23.6449206834424,2.07445001970621
25.0073917190307,1.55320557081094
24.3243793470606,1.76470957897774
25.7312036936752,0.279425410299107
24.431763535053,1.35677196867432
25.5151039847126,1.16306086204986
25.9849800504547,0.832185910078676
26.1641208033849,0.318334094304839
26.0043359206238,0.330253161968753
25.3345215646961,-0.629421186793748
26.0688523848888,1.24648426149555
26.6777053406207,0.765264687014093
26.1072409287347,-0.253856155475175
-17.9009526400828,2.08442889378617
-18.9164813650221,2.54447043753323
-20.2551943002094,2.54896053157771
-19.6668273418976,2.22119279325785
1.62951055165959,33.1110731761431
-19.2023223457069,3.67446077315546
-18.5068362728745,2.21146843645612
-19.4119756663366,2.28784662802496
2.27111483384763,23.0369780168174
0.62374230928005,23.4342114542803
1.81551644075796,23.322928233787
1.39776434061517,24.0001240028651
-9.70455410448548,26.972281897428
23.3768763819001,-19.8600610298068
24.3074975200306,-20.5968622220167
24.1554650506948,-18.8596571876342
24.6037281158324,-18.9493518649273
25.4820259308166,-19.3753644168585
24.8913460196544,-20.0799194158455
27.6514775680964,-13.2121193965954
27.1467879666889,-13.3189623567171
26.8868381540455,-14.3986807757693
-15.1818551345356,13.3833497464118
27.018013185782,-15.5413864122236
-16.4933273708052,0.555022590229165
-9.53998052234148,27.9239198363256
4.72135201141482,-0.215479098708162
3.30101764386059,0.728042015098642
6.9382655495706,-1.33687258333176
6.48239558550004,-3.02901236318729
7.14316115899796,-1.04918193809539
7.57769746879055,-1.46933064665983
6.77876398940131,-0.378150515128613
8.18001924046778,1.99900044605894
7.49136854805566,1.60571667321132
8.2549946315745,0.604317514583961
7.57809652472085,0.435912944087439
3.97232961506252,2.16827340417392
5.4444340096482,6.4907526517699
30.119755068734,7.28034953651303
29.0862478591948,7.74033484387284
29.3579866168684,6.82292219027512
30.4813003484731,6.0218620493722
31.8704467913747,7.18889747847235
31.2824857430576,5.56912594150553
31.3646793993658,7.36365449292826
12.733814021293,12.9392622268651
13.3901942827061,14.0878203555753
13.7627859659057,14.0843201878538
13.8569017416449,13.5222842484328
13.5804199818795,13.0760351117208
6.6767234804531,14.12400808072
-11.8506881838026,-19.2368750646238
-11.6112581215364,-20.3257600297023
-10.8248360818796,-20.299128692937
-11.1813047254582,-19.9770548681013
-10.7855632720054,-20.1896230870436
-8.12648528701849,-5.38320724895051
-8.09501909940481,-5.04473587558472
-13.5003135663386,16.6528038256239
-14.7378692065807,17.6189924224295
-14.0180653547929,17.4706893185041
-8.495044807453,-4.77873905496568
-14.7742890891736,17.2903743482953
0.610783437556581,14.0450231797424
25.7215906462252,-7.22191517564888
25.2361338596015,-8.50061459738809
25.6097805896964,-7.01316128911134
24.3345918542573,-7.91952000906287
24.3349727784991,-8.31567542075735
24.8877189079324,-8.25732319845205
23.9233240882436,-8.78898485389712
0.343936544034077,35.8252136358837
22.6695355424978,-7.40116202868153
23.2648802344301,-8.34103948940202
23.2571840400986,-7.96136106290856
22.041338822956,-7.48879557609486
6.26054378640153,9.67827993203623
2.32033196354937,-10.283830714481
3.41966155786163,-10.0032064694693
2.90859291394535,-10.6429322165781
1.43018703545338,-9.36672100671546
0.732477053406195,-9.67118801716079
1.54558614654523,-8.73489242286558
8.12148042400848,-14.2485957109605
5.65102727912849,-12.682959465059
5.90258400583417,-12.0209609586116
6.10918890491507,-11.1257343210444
6.73586860902239,-11.835612183847
6.61982189169277,-11.653908694696
24.8134379505107,21.365200360123
6.67280861595486,-22.0885727056222
7.18212260805905,-21.5419063785576
6.73716970687494,-23.1993711995761
7.02316591649875,-22.6395145736148
0.993281631501069,-36.291087630434
5.57533603434196,-23.0604024315739
6.57585180602911,-22.6617715783882
-0.201779957688854,-35.204955050085
6.86265705541047,-22.1332503033622
0.521874678287556,-36.0547831560825
2.21783188698598,-24.8309192798368
0.376452303799447,-35.9691873783876
25.9397398568713,25.9971799415725
1.53726380708494,-7.54875014868379
0.484675326995364,-8.79937189907502
0.880867431881262,-8.0836088168757
0.18834674743456,-7.02338461692821
0.644776682789534,-6.20976529895049
2.30475764507236,-9.24890355468197
6.75945806584259,-12.6272722254181
6.90659567962245,-12.0258363896509
6.78209463981149,-10.726116259601
5.7406561721535,-9.84506346716128
5.86119475239564,-10.9858204854765
6.77169193873021,-10.9151215949511
25.514086261309,21.3150157638234
15.8885899356715,-21.5884220323928
16.7494350998164,-21.8194626536969
16.9921931754636,-20.5673949978984
16.7527459162908,-22.0066996711181
16.0184359040503,-20.305538360419
17.0435586117873,-20.6249477180549
16.6799800814864,-21.5161306541914
17.3643939130859,-23.0969249890875
17.8559396714739,-22.7874272843276
17.6214386227868,-23.3260935507644
28.0782554048981,-10.1524767373626
28.2019869145749,-11.1791520711113
2.27629056468266,11.0664749181025
-9.51831735144981,-5.50863836900146
-9.35279603420542,-6.53093832686195
-9.72852812135163,-5.71500311543907
-10.592254750642,-6.45572124613123
-10.7455455302864,-5.79792205777923
-9.27356113614754,-4.90262003160725
-10.4933534794187,-5.3508822715798
27.6682371286943,-3.82622755812761
27.9638217835471,-4.16868785073072
27.8031972925796,-4.74267501127467
-10.1722253395497,-5.01198552478147
27.4819468774304,-4.40025662048434
11.3779580888734,20.2132413671569
32.6294580089736,5.43365755181735
31.9401320903253,5.64550305460015
33.7459484773026,5.15004660917728
33.0770875253141,6.25055883742602
33.1446200624187,4.39569100825746
33.5453575886744,5.12729439738446
17.3059163431766,19.0758459563891
16.4963683095924,19.2944506051023
16.9735298556632,18.1779072519037
17.045286067041,18.3233403830883
17.3926691891971,19.1213675065202
5.30014653823802,21.1556931414241
8.46302267879654,14.4125482329162
19.7337555064165,7.93555483260286
19.7846593288428,6.71680324355836
18.9373593252459,7.70698102664606
20.6184209809567,7.98235217671286
21.9053219602988,8.4757447689191
21.4729053628888,8.23064707031637
20.1632959868616,7.33573214747971
21.824518485559,5.73757506226385
20.4698573220432,5.72247825999763
21.8562407370926,4.65184188712296
21.6905874364413,5.00487419631454
20.6826076109192,6.02100133876645
23.3502532843016,17.4438451580545
-6.05400711465274,9.61502068680572
-6.10102061900949,9.01396927982928
-0.124461042594305,33.5314725020497
-7.64968195201694,10.0849587316818
-3.00203572003328,1.26184063628251
-7.52249099453676,1.8029621624579
-8.14642060506922,2.07280672076381
0.169274548501424,34.1193357757032
-19.9585477205686,16.2801433125143
-20.0097062625713,16.7970805467197
-20.5892010902111,17.4412513845135
-20.6302086886918,16.9922233400647
-8.56882262866767,25.3795893403672
-10.8504445237754,-12.6787046414049
-10.6518385899092,-12.4400232583541
-10.0744959404067,4.83372740259397
-10.4555533641997,-13.6582052618061
-10.956852159193,-13.8459709010202
-11.1336787104523,-13.733367055537
2.77509249023564,-4.37042383582318
-22.2675581685621,-15.5805148756603
-21.7234369425485,-16.1551854112255
-0.328296812947288,-4.28168958620902
0.899337582211577,-3.7035520228798
-0.592697666657334,-4.51595813877106
0.996385865771526,15.0904770718256
-1.36425240946366,2.34531443502634
-1.59991551760392,2.73581089761345
-1.14656823912441,2.53393825478289
-1.51690001897031,3.11558179188314
-0.983117151007899,3.62834241909475
-1.02768299073943,2.48412604667529
-0.0875296753625219,3.95781550525326
0.339728879737528,3.15554008895191
0.975524758165127,4.11697955026081
0.521078456462635,3.10392398278299
-0.0689153968972185,3.24088390794937
0.397879475351948,3.82181357597596
23.5152085281391,22.7657297088603
16.424413668125,26.1263107557385
16.5456537244868,25.1782724009386
16.1774014535561,25.7819621365041
16.5261092991914,27.9287211614767
16.4668120484204,28.1340177071243
16.3353924950294,27.4581775444172
15.2481381523549,28.7145549470096
15.6446597441906,28.1676025186111
15.811768865831,29.4639879472395
16.5469805892562,29.435821053957
17.1972209825795,28.5606219897597
16.5092893308066,29.9654966021516
-6.65107666625775,25.2216798492418
19.2740212143478,-13.8503151243269
19.5759372910836,-14.0117484826454
20.2131376938613,-12.8622949178337
19.2132938219196,-13.2819098373056
19.9474030158419,-13.6830093554085
18.5426763116745,-13.4034692794424
19.510202889012,-12.7632595875629
19.6077572652823,-12.6625850883614
17.9331094744366,-10.997481203985
19.5924191712338,-10.6247022012685
18.436021248537,-10.8099064536916
19.7667399358935,-10.5458485471978
23.5656642626313,20.0383508956492
-4.4424631675113,12.7360763933813
-4.38663658012178,10.9999808769067
-5.37698145225418,11.8951519219151
-0.964821230577978,32.8186381230243
-8.3600629725667,10.4453019964826
-5.39320699303859,12.7843994297153
-1.18689792738892,33.2361329349101
-18.9059145382892,18.1749962369231
-16.4945501753101,19.5423477923726
-15.7924613385248,18.0395936660301
-16.2797653474456,19.1102128938886
-15.9342358337033,18.5697966327042
-13.4126279671492,24.7839101414193
9.71194343788063,-30.1422733934058
9.33268334465101,-28.4859067070127
9.74283776439291,-30.0997455772341
10.1270838776609,-28.9097401094916
9.50896790048411,-28.4407521462842
7.26905871016504,-17.7907946231542
7.36182728603096,-18.2164665558402
6.17356546699745,-17.513262534661
5.59437175254255,-18.3814449799625
5.70676512093867,-17.9582419403107
4.9873673089662,-19.1163384354304
14.5310765560143,16.1323725151501
10.3562222689688,16.8692995135708
-21.6972648000089,5.84726812237553
-21.1049122230315,5.79391429973149
-25.2401568763289,-1.07785545558523
-24.4903179521278,-2.30706896633949
-22.5815559981831,-1.92986835219766
-25.1835497194051,-1.71204174881557
-25.0695655073121,-1.1351572812161
-25.5587661085874,13.1078852632922
-23.7811716772739,12.4097030168357
-24.9215678417395,13.438335160071
-23.9551384272662,13.5409852494388
-4.06834304318886,0.569494920038177
-11.7127699943381,26.0952002664111
11.4812840658698,-11.9272310785065
12.5579173294135,-10.1118279244538
11.3915908318016,-11.6261753808893
11.8036261083041,-10.1062442284071
15.6866302036183,-6.52931025131625
15.2075533067584,-8.11787367575394
16.8078838909735,-5.95516243338911
17.0972466936046,-5.6781551059265
17.2891319165933,-5.89767894152418
18.4981416928362,-6.40247746522129
18.2737534886402,-5.45825147378188
18.5540424914598,-7.28599807994543
22.9333092765445,19.5419755639766
-0.529392399819694,10.5571218671556
-0.629825220654524,10.7634118835801
-1.20139157191323,10.8468757931728
-0.717945051357819,9.73065557004865
-1.45565770121311,10.8777441579502
-0.411030438764146,9.88852991688058
-0.778761627710714,9.96710615182975
-0.496167594032252,-5.38559037021165
-1.11816083646699,-5.33971104307821
-0.567936573605963,-6.58473424031177
-0.360453589380122,-5.74804420953392
-0.92274180848935,7.46558199960161
23.5678682656496,20.2188201334504
5.96741670985647,18.0171946497561
6.76832242358168,18.1260165795765
5.89177834470368,18.8905291146551
7.40799070856385,20.3392179052082
7.93259094473827,20.1337126508642
7.09171712418116,20.5931564599573
7.72662305562603,19.8111434572676
8.42505950318331,20.9535195107458
8.40708238515395,21.1607561829238
7.19945769506574,20.5923527474807
6.84255692632199,19.5023194025314
7.66554853886965,19.5620984157007
4.19000530473689,15.1979520922755
17.7467411483735,-10.295305215823
16.9109002397295,-9.53494470996935
17.7921150176054,-10.0314721087826
17.84074580809,-8.75197900331339
15.7675668766201,-10.1149343789673
-0.035370884445056,34.9339815152542
15.6911031670189,-10.8387191884018
-21.9495598763743,22.1338835291478
-21.7902683495513,22.8238038472767
-22.3444577779609,24.0602338900905
-0.447848737212631,12.7473706111901
-22.9078460028575,23.3694187409127
-0.737040946102879,13.190562520268
20.8178447093783,-12.3697138362869
23.2869161223282,-12.5288854260082
23.0918943755302,-12.95117949108
20.6156387481069,-12.0243765256903
21.7571661354499,-13.1502001651838
22.5879423967625,-13.0906328667837
21.6877565650551,-11.702264758565
22.848096417208,-13.9521483209136
22.9881231602125,-13.8191311186788
23.168657488878,-12.3929629846318
24.5947277436124,-12.7407434713313
23.2219675730327,-12.9563488950119
-12.0586715015595,26.9766568520768
-1.23611881809626,-14.7290716116249
-0.664505291643146,-15.9532646243876
-0.232478769694864,-14.8621934831951
-0.699433847693564,-15.632623459933
-1.64056257525335,-17.4018965613786
-0.387972446373899,-15.624087323656
-1.3545668714034,-16.0193256896842
-20.8769963758409,25.737625280364
-13.7001322677751,19.9520261607532
-13.8025783206745,20.2119181331525
-12.8601887169531,18.575527053606
-21.9611852515574,27.3832374336559
-21.9657511941762,27.5875663459378
-6.87360958571852,11.1792571124637
-0.0108746289004336,33.2026141859239
-6.74967405022138,12.1869165049513
-7.49963577414843,12.009391160246
-7.25960604273817,11.7073219138059
-6.05351198593297,12.2979316636183
-7.44957962067672,10.7379517845755
-1.52340098647959,34.2760830738039
-15.2556750574668,20.5933237974299
-16.3085891556676,21.7917177134122
-14.9792631552417,20.4743733717323
-14.8726668842391,22.2726749950525
-14.1512746869914,24.5838302495224
-8.3478084417926,-16.5006046157211
-7.18554206108134,-16.8745737112657
-7.90781003086037,-16.2166600174904
-8.93165012662535,-15.2818631254767
-7.75209211316629,-16.3213264811131
-8.0108167903469,-15.9093494618598
-8.95447684675046,-16.8105097797549
-9.10817459361724,-17.5840333413451
-10.1889107153189,-17.3034592023134
-8.20425282143751,-18.6832880743701
-10.0017522746646,-17.1896228951539
-9.98655512425677,-18.1025070941073
25.2718473591296,22.5026710100224
14.7051274940546,-12.9253504489514
15.2323931198122,-11.7852251598965
15.1271940208345,-11.2756744606123
15.6550712309743,-12.6104635342463
17.0618741073321,-11.0991913707949
17.7196025247704,-13.9401223579728
16.4801574040315,-12.8520556102596
16.4445834982525,-15.8361096040631
16.5410791862748,-15.74820385917
15.8483462405415,-15.9531042753444
15.9285312491187,-16.3421075258746
15.8576280038443,-14.4575095849784
6.3695213514099,7.74364140092901
5.45145727434367,17.8098157183193
6.1637995612275,17.5866609886132
4.93571724072769,16.7748868372592
5.05226907156167,13.7141479460041
7.74306209020559,13.3462895433538
7.88203144577056,14.4677435241431
7.41779758160245,14.6252520681508
7.53431610856098,14.3583597029436
6.56572631716631,13.5377934844098
6.98297774168014,14.1881619207173
8.29406300003957,13.1797810740613
6.32528597302057,13.6359798872656
7.4699620640745,14.8968298455099
-6.16058694169236,12.2433915949493
-7.11320887591612,3.29731907050169
0.957811944166332,34.5409552624901
-5.85519428488811,11.681143102777
1.38514594506957,31.8294386444428
-6.26503913654206,16.0918421344503
-6.69504562084688,15.86750668311
-4.60275165191529,16.0696574353915
-0.198585920524813,30.1384906632356
-6.12601023022688,16.7106538915607
-4.98422836733361,15.9510319361437
-4.90956029015905,15.8300232575123
-6.98225841863708,24.0320227111605
-1.60148801160099,31.2911089746029
-15.7079966970573,10.5627020538043
-9.93466509396674,20.7862991822079
-10.5468418796638,21.2390934852596
-10.6181653315788,20.4848871604713
-11.3167864540444,20.6427350705766
-0.771420829897183,31.2618736467285
-22.2744826486245,13.5780237305493
-21.6119076871514,13.9097929688714
-11.2467278459981,19.7608767034764
-22.3856454682627,15.0602195899814
-21.3160663680953,14.9659124509343
-12.1781177419805,25.1807470902562
-1.36192849432508,-0.22770352105141
-1.61020219542722,-0.499575907432514
-0.822493725271359,-0.329673615860496
-0.181151100636845,1.18997294655257
-2.03129797483791,0.418807574214627
-1.97926524349317,0.662140396268457
-0.553249003056732,-0.261641077639995
13.2167391897602,5.95503154232568
13.1846958710478,6.85607950676882
12.4587706524987,5.65960256240213
11.8285968994229,6.93798580083819
11.7594165768801,6.18042998977111
11.1583686926215,8.00758158565963
-1.15240235008562,-20.3109793309013
-0.798230889871577,-21.3208802908172
-1.19973164734078,-21.5760202901204
0.390020696159453,-22.5784516582112
-0.137091556421983,-34.588795577189
-0.359056299518862,-22.8034678177428
1.06338912329711,-24.2813446331199
-0.413616803161385,-32.3654739510697
0.627895820436959,-22.7759146425041
0.739186322397906,-33.4838422700536
1.29742016552078,-24.1878028937892
-0.528179363814829,-32.9786207784772
25.3522811395333,24.3316489839423
-2.09504146262246,-25.861783342003
-3.6622669936866,-27.3990154268517
-1.88053215714215,-26.8593894570357
-1.93180762806732,-26.6864479461035
-2.55131445104013,-31.474810324109
-3.0962555979105,-27.9854002452953
-2.49622647547274,-27.6790867255434
22.9506894570601,-22.0528960648074
22.1968554111125,-23.0365682901841
21.247432935316,-22.113800456222
21.5568270239871,-23.3338252824851
23.0449516681823,-22.2770318850477
28.0720306744652,21.9292870109079
-0.738333046091084,30.613640375351
2.82712202724885,24.3669512382509
4.60763368064135,25.2713709876448
3.64923031319616,25.0956488327023
4.46578782644539,26.1900490316911
5.36926919438703,25.7354346698104
3.97372457338661,25.1356251356538
5.03741643460219,26.6913367576744
4.9860922652902,27.1701918119791
5.47966475846302,26.3175830799665
4.40964633542655,26.165282959284
5.7397545286915,26.154965490123
5.65167101568545,26.556179851849
-5.03550674798885,-21.5650601978669
-3.80756245902872,-20.8090109763192
-3.02724133893222,-19.7264795068821
-3.65757321648918,-20.1986420147236
-1.49785399723774,-35.3178561921019
-4.99135814200144,-20.4643575025478
-3.68722540844911,-19.3913013174756
-28.4410944957758,16.4773672803769
12.5332108747158,-18.357472734334
11.8451529377459,-18.9814576012268
12.269187160724,-18.4000646866338
12.3833009542235,-17.5030546028035
27.1763229873389,22.5213921686923
-26.3362441311839,10.1935304250513
-26.20600325543,9.37250300351118
-26.6235115745847,9.19173279394397
-25.7875502716549,10.3236882091616
-26.4152962826708,9.10016639171476
-25.3099283158711,9.26351414601087
-26.9065354142991,8.88039723241741
-25.0654914823044,9.95810416159528
-24.318849258292,8.67783508922117
-24.3969522095766,6.5898044617935
-24.2542943707729,7.43777500672936
-25.3660251257849,7.664762810365
9.81593517774211,12.2510455946861
-10.100976586095,-3.25984439934811
-9.988067044617,-2.91817253482474
-10.2445123993471,-2.3705764674398
-9.5221288144386,-1.40923607466294
-11.113522653083,-2.3551070103959
-9.69465683233945,-1.96899099301851
-9.76083893768445,-1.28769111617255
-23.2073334387989,-12.9562245301592
-21.6033785594465,-12.1384215677592
-22.2684099132576,-13.0141824802971
-22.8686140612094,-13.4583241903841
-22.1757984078984,-13.7134963948688
-8.8775929192442,23.8838822213173
3.4818462835297,-3.70160767486577
2.8091042059986,-4.23335775928064
7.89094176321091,-7.81838701326978
7.90805590671242,-8.34376767987766
8.85185313337816,-9.70531216608536
9.20236675851348,-8.50378571484856
8.42065103406285,-8.87889221508643
9.5411388122743,-7.76273565203477
10.9220789002902,-7.74217248783461
10.8954635438809,-7.7837321120547
9.63742857687789,-8.43802299577729
10.6938015713181,-10.0084042045002
8.17678320111324,10.6583901817858
8.64532675546108,5.79125983873581
8.58421529882591,4.37369569894417
9.52881041980952,5.82469581899281
11.0932684287151,5.24236774712062
9.79810061765864,5.11710680285263
10.8329355304047,4.04182117238806
10.875151492593,5.06648597595854
16.1129710979295,0.999568407055659
15.2260923500374,1.33875326962112
11.1614765537256,4.70682717957096
15.5544775299383,-0.775400850901401
17.256946474242,-0.0115220311982713
22.6175710239534,22.4983888456618
-7.84503239770233,-4.56865913669527
-7.57651932921883,-3.39621914758808
-7.7090396305833,-3.56987136012559
-8.03630960042246,-3.48075638618517
-7.27881095599374,-2.00312708881655
-7.59757660304995,-3.2577827217403
-7.76974536236409,-3.40611274301421
17.075160183292,-4.64110792101432
15.7905500621724,-4.48373882100008
15.9587983798157,-4.19921192135446
16.5093523426206,-4.14643911460015
-7.31793888761567,-3.18387661060577
8.04008597018133,8.08231088974868
16.5703328249933,22.2716247008395
17.1283035942716,22.7943441931021
16.5481262354291,22.1496379817256
17.8397895428421,22.5885117346141
16.867567829735,22.0870608245489
18.1787021086759,23.0590769824265
17.6764847213987,23.7567143639485
25.0460925941562,16.8808220980946
25.3074386929083,16.3872349572599
26.7493381256943,16.867318035306
16.9393498373957,22.7465927763443
18.0542419427724,22.3849698817398
6.68581711124453,5.01344713547999
-13.1087297150977,10.7538559751938
-13.6635287482337,9.83103572655862
-4.02779178446653,3.12182993950208
-2.41450666368981,3.22091963838879
-3.52146321555357,3.36007384326857
-4.26103137162482,3.15647366544933
-0.478451687205431,30.1517848281465
-0.798447727383053,6.1511957438091
-3.50401114398842,2.64526015319862
-0.460481555365247,5.89186278507252
-0.196886064440704,4.80055713184772
-3.76583622071598,3.15290882741058
-6.41405723656781,25.9526555620921
4.24926114456524,-11.1848379034873
5.12258190035289,-10.1321956673013
3.31664096958544,-9.56127114415057
4.17378391034323,-9.79694638531853
2.32045223243493,-11.0284055500564
2.50050346600582,-10.0395960029074
1.79330319348914,-11.3677592641496
2.56054856696737,-12.9670439299047
2.24525959454506,-10.736755679578
2.432864396412,-13.4586294990338
3.71473095869636,-10.0666557231957
3.75459102248766,-14.0276855360758
23.3709751354054,23.3725123703111
35.8818640469739,-4.07262344798886
35.0562295168769,-3.34988213754473
35.0253755946073,-4.04344519564222
35.5641234007612,-3.3164998030875
35.7197448965339,-2.42175605929249
35.4041855952506,-4.11156316742956
36.7950890916784,-3.96608355919139
36.6407541843016,-4.14422573991664
37.4536290755921,-3.36133098907652
36.5780337921837,-4.09578610154469
37.285374160424,-4.18915182803277
11.9034625526696,17.8302864294075
10.0172293406178,15.9420531686853
-28.1876949396892,-1.9092902173573
-26.4816455880338,-2.78853306872521
-26.0588542071486,-1.42036597793242
-27.0340625843871,-1.07177795682839
-28.622155474085,-0.745514406983178
-26.9785991259684,-0.944546291253626
-26.6143889808625,-1.77404529549676
-26.2292821687959,-1.46527737824063
-26.2602806491042,-1.95993891860244
-25.6721931299316,-2.14675824264437
-25.4900590214935,-3.135767611588
-26.4982128724711,-2.37250970698966
2.92420556151197,-6.35173359098637
4.33421226503608,-6.30061829857848
4.06516083215584,-7.08806400699287
3.55815380895472,-6.43601139620193
3.45977903243266,-8.71840959076646
4.51913789473784,-6.1564830724858
3.81507285124755,-5.73697129226609
6.34025591143171,-25.5148916382783
6.2477632016998,-25.3406320781767
7.17214379377561,-27.3705417294397
7.67811916820175,-27.1318307965317
10.3698630295865,-12.7687645154647
23.8570049691014,23.2186293584329
-5.23178189024828,3.32812435796194
-5.58317903266441,2.63018963557663
-4.64098271524016,2.15357377414036
-4.38313673247052,1.21410555369336
-4.61101035367073,2.78556514802082
-5.18484704065059,2.09955707354909
-5.17039205231563,0.596335267497947
-7.12939310816312,0.933442633042162
-5.69920773121078,0.707449817903278
-6.7180452624882,0.232921823789345
-7.46423734505234,0.670445199503777
-6.48001393368592,-0.196612354592353
5.02373140233628,9.20498331558545
5.60329461930341,17.04047395532
8.91658238759618,18.0564313085796
7.38505724874163,16.8967228586574
8.28753240515249,16.8539468065248
5.76035710107624,17.0498708501845
7.24654587503836,17.0807156578157
7.50820133554122,18.4673861570656
5.87867516537099,18.2757114110062
6.56145286016058,10.4754058701386
6.57891323348846,9.47312237768675
6.42630109913417,9.92393146915669
6.68219030903335,10.182656591394
7.12208989954526,10.2561376778102
-27.5140277545468,6.30352772872628
-27.0612457770754,5.91650759203273
-27.969378759639,6.01606322652789
-29.3186325929318,3.53427733357196
-28.2313645085814,3.23604184802383
-28.5096203850278,3.07823895921017
-29.0822693145456,3.33657157605259
-29.7219650862186,4.2398498554425
-30.1491462194831,4.22576595342093
-30.1017954949852,3.58915859311857
-30.9553815629646,3.43395302868408
-29.9393044519393,2.89429371469085
32.944134389382,9.11681436873704
-1.98713761347117,-9.88490988734753
-0.946042331063143,-9.59113822826041
4.62268462504615,-15.4784067171233
4.55475038835167,-15.7982083600167
5.17464486746331,-15.5869174520785
5.06362859127555,-16.6329434954217
6.88558701573474,-15.607300403774
6.82567360205689,-14.6135439320476
5.28170941203595,-15.0278230314071
4.99851529420687,-14.6308583054217
4.23490534129961,-15.7960264984401
7.07498868596624,-9.72615914888256
23.6682040224236,22.1141453043086
-24.1572112736633,-25.1267811607123
-23.9248625051925,-24.9916559944735
-25.5970001795134,-26.1763640415763
-25.6126331026347,-25.6151268450122
-25.7747412820821,-25.179848862632
-25.9765972490424,-26.0852129752832
-24.4995928144195,-25.5640339416129
-24.1609940683625,-26.5654389339943
-25.6188036784312,-26.3792129020849
-24.6120586879971,-27.0115769648329
-24.7659358866018,-26.3354643616403
-24.5611899887949,-26.8222329594118
-23.3260275809656,-26.0516750185822
-11.6978636177021,9.9935931251083
-11.7016891884443,10.2886240922932
0.705733099227307,33.9425242087436
-11.6294024038932,10.9263002698199
-9.21111982986224,10.5030853248409
-12.6892789567111,10.7219517501411
-11.9476976050425,11.213289425049
2.31567795545941,31.8855641646932
-30.7429795422238,-0.188646341375776
-31.3715509160155,-0.134452017700901
-30.743781551809,0.41706287798941
-31.372405984817,-0.325513388492407
-4.6496726605507,11.6480796957497
-23.8419844633764,6.95297323344261
-23.5074574291422,6.73450279507969
27.027348608916,-20.4455300716336
27.6332920593332,-19.1957271641556
27.4432538958366,-19.7538057602255
27.2403135965787,-19.085459019681
28.8148676260408,-19.4094719385482
28.7216222081857,-20.4647625587137
30.0676575915767,-18.8337550403333
29.0378434554562,-19.2488468102984
29.2084069237368,-18.8101107475792
29.7312634229438,-18.1221138357847
27.1026385926484,-16.2603905752156
-18.5034347999653,-2.44523334231544
-18.6866084809229,-2.45405136473643
-19.066571589988,-1.10006710731901
-18.7273912054358,-1.13701583372805
-18.6033563879853,-2.04531251962837
-17.9027477788423,-0.406070147132905
-17.4945976680824,-0.873215385068208
-17.8546840557159,-1.00978076902705
-17.8688592360836,-1.0905267015455
-16.9240007613899,-2.86179410087651
-16.6548816424877,-1.44868381806231
-16.8930312336315,-2.77598668046668
-9.83618830394422,24.9662964264569
-3.15105845589191,-2.16506077170454
-1.88323887423471,-3.13846075373511
1.79407334819765,30.2154928817117
-3.33269936365219,-3.30439938710195
-4.39493079507421,-2.24822733066807
-2.52632670007807,-2.42938236838163
-2.66149290082999,-2.92996773819572
5.37907475633966,4.9527494611694
0.98931781025755,30.9206689512858
4.1483438589755,3.94154392342616
4.87663292676728,5.03713699597394
5.51789183771115,4.01389255180761
-7.90092390344891,23.5920726670327
-8.57059755721115,-27.2747524089524
-9.60026307552264,-28.1875806251187
-9.21361072481197,-27.6209076427957
-9.71749494177699,-26.5151466368582
-3.91706426913359,-30.956274656553
-10.0829138531301,-27.8059106127132
-9.03233546499785,-26.4303691875529
-7.30869135654579,-29.39928145434
-7.09476144899931,-28.952856652736
-5.5448703972175,-29.8825943931586
-8.06927175387656,-28.8033328077786
-6.93922856649752,-30.3124169152203
26.7549204491486,21.2980916617924
11.4432649586215,28.6671237506413
-3.6757743651036,18.9850766726675
0.33390829849998,27.3047901387784
-2.70169136478765,20.7085474001686
-2.74170709961267,0.844927739268825
-2.72234853265031,-0.743645227690605
-3.81321507270112,-0.554420484736863
0.948596639859925,7.18057750104095
0.185960170529439,7.46157868810102
-3.53440200299678,0.583462233836157
-0.112050869787942,7.36001976988395
-4.23162750759512,-0.481333843482065
4.79148028115558,12.3374384421147
-0.607466831507757,31.8104467250304
-8.24422120239655,14.6952360363488
-9.21910273409318,14.0379636945388
-8.23964912539066,14.1993884915005
-8.24331124322157,14.1717947869658
-7.70355528776067,14.1564566534078
-7.77089371275666,15.1814078255482
-5.12996531628425,15.3005313886501
0.401066082015786,30.0734893783608
-15.1721762670615,12.3341602437759
-14.9449621690844,12.5314841881388
-13.8954163697452,12.6581329778804
-8.11603763209185,18.5792416429538
17.1088246884179,5.52231360225338
16.3656575962496,5.92192199128618
16.4670161458924,5.85044023956238
16.337351606513,4.93150691453148
17.6419518430402,5.82900774138363
16.4775069338042,6.13798802197902
16.81796637372,5.42745192782837
16.992703601309,3.17177737511445
18.2990849879467,3.70968223218545
16.8982007271179,3.05280155069643
17.640378214001,3.77969401682455
17.7745279424154,2.98561586914621
9.53487575679587,6.63517657780935
19.3158290366667,18.1942638628976
19.5142310655979,17.8537136172642
19.1796832411402,16.3586533783028
20.0006955251959,16.5438841704246
20.4800806301401,17.8371379076346
20.4300065691122,16.1007916150287
17.2006042867814,19.1939204234448
17.3983288247176,18.6388292866722
17.4843327801547,18.8489453517968
18.468302360869,19.3960017343661
18.5785894247716,18.1478006772695
4.89294535733877,21.9019636340855
8.62700254806722,16.1780378565936
-23.0761228974678,2.41197465224646
-24.1229676459629,1.62741335765748
-23.8801917752044,1.57408113857398
-23.2550361797283,1.76067371410927
-23.2053540125126,2.11834296025145
-24.0811684322396,1.98329933124162
-24.7802385219718,1.62476372288822
-23.2389983702734,3.64883775534842
-24.0036624453339,2.22847634799329
-24.226114944736,1.62621051232198
-24.9116612058322,1.89932210788976
-22.6456951636067,3.43834551606017
4.70217557312194,15.690399409435
13.5135386331796,-8.20323840051783
13.5315142959583,-7.9517390617254
11.9898501302106,-9.32235285325177
12.313839447826,-8.52000122446947
13.3389679187862,-9.17081713217319
13.6862322992087,-8.65929625306478
13.4642405325462,-10.4474609588948
12.9579081880548,-10.5369886026727
14.0256862274242,-10.3457900178251
13.0668793964617,-11.8387618007985
12.6558016583777,-11.3406638209338
13.9213566457571,-11.3222537528178
9.1528396352946,14.554631529816
2.54066491014934,13.1625267737213
3.47074618171444,13.8491118052699
2.48671043089576,13.7330618191285
-14.2787416955556,4.71973277732579
-18.6169720103581,0.646343517654851
-13.7453807042676,3.42861330341788
-13.5632328098779,3.53753695890182
-9.53132657756152,26.8944911491498
2.48583847961586,5.21349516972266
2.81096857797382,4.41812664478988
1.50321379511285,5.47624518981519
3.16205266713287,5.18287248895818
-15.7721247015832,12.1252586841905
2.40619285372793,4.36029073259391
2.80271154343767,6.76614797866179
-0.250941967613152,26.4240024951492
1.99819927000446,6.13227697602912
1.77399141394347,6.00719243514648
3.75021055853862,7.18260220358628
2.55673544149259,6.22973750956311
-8.83576500271322,26.9973811679253
-3.83658714142243,-7.47101668574893
-3.1655665369514,-6.51100002982741
-4.02559350586272,-6.96089837153811
-4.02252999834696,-8.18403396322086
-27.3408391928681,-11.1070637230184
-27.0909497100524,-11.3035922336726
-26.025845184087,-12.7436429589303
-29.2885080084498,7.96977145710842
-30.2930695192516,6.6842856738647
-30.0165218454164,7.30656419678345
-29.8241560671078,7.45896419347641
-27.5431911755288,-11.7485103965672
-5.32625830975698,27.2080283282597
5.23504879569423,-9.00829237617907
5.10339267689747,-10.9742454663684
3.41903135689968,-12.1376289981946
4.51992547853526,-12.4891528505138
3.95957697449368,-12.5778090934501
3.41789287802194,-12.4419451149887
5.3269422283224,-13.6311727794422
5.2399247069341,-12.6264874599524
4.76619033963954,-13.5795380596479
5.45890243657388,-12.4407522077787
6.1325623612804,-11.9623541116525
4.44499309707914,-12.4718235422656
24.4941248667424,23.4907113967294
-1.86589607234265,-11.4657275932103
-1.43399381670423,-10.6791370638769
-1.1060202218592,-12.2939287227391
-0.662850989715351,-11.007702448256
-2.35138296637137,-12.2369178828465
-1.43733972718431,-12.4758452463421
-2.06154544376352,-12.7330756970822
-1.31853075345036,-13.0890770638399
-2.43863108826475,-12.5029476504571
-1.81538794562162,-12.6291141162453
-0.308020183708007,-13.8453877127965
-0.527369859202338,-14.0976582263225
24.9224546110694,22.273481799475
-1.75383196570049,-21.8767583296817
-3.02962890188752,-22.6592685642144
-1.64989180337055,-22.8102520158873
-3.1555289361379,-23.7040727976896
-2.18661053950919,-33.718967191599
-0.95768050007902,-23.4326763280296
-1.45845182479056,-22.3009050193815
-2.17855246918698,-33.1684375120445
-1.12458444907085,-23.4358680944682
-0.822311575649297,-32.6775666740155
-0.259718516535815,-23.6203237763071
-0.815786856386809,-33.6854274968449
27.0720975943803,22.9985670776428
20.6160319117764,-27.613211517428
19.661828107083,-29.0362600177666
20.6284141886878,-27.4097533018686
19.6745056495449,-27.473215163641
19.8354694990084,-27.4703162926671
19.6988254347092,-27.9624294036268
20.9619459581603,-28.4755193994148
20.6014867600964,-28.6272576302622
18.0347769755027,-26.4204303057937
19.0928604536542,-26.5560961332809
18.6731663726739,-26.3133737367729
18.9706475670605,-26.5326370755826
-2.70667569406697,-13.8951727466028
-1.90918854059232,-2.43140851810077
-4.70133193329634,-7.47190509161943
-4.92233686128395,-8.91704065426493
-4.45919223065583,-9.02444150326863
-5.71113842296046,-8.90945322009406
9.09619260827773,-29.2650362726588
-5.65384692926236,-11.2202139189195
-5.49602961285587,-9.20516536677697
-6.25304116054804,-9.61239222375084
-5.82322797422235,-10.2847724000964
-4.8011854375125,-9.15128618987859
-5.8965827680573,-9.53060986301241
9.67587821566588,9.72466582391733
-12.0611627772603,-7.5660945048411
-11.8686335416627,-7.60658516802525
-11.6048826808632,-5.65920927587637
-13.1518790393891,-6.5435310740989
-11.1663599193306,-5.05264553886739
-14.1069849701151,-6.00767929293758
-14.0293425645943,-6.17850481753319
-14.3634498597075,-6.95337860325467
-16.6956589561483,-4.82412807228598
-16.2162970793436,-3.04333601016605
-16.0219224207989,-4.69496341269782
-15.1597239080615,-3.61364570243278
-7.86795598855547,26.8116561174329
6.58622365775661,17.5193623950624
7.51775841747357,18.0140671034947
7.59217640119031,14.3249259495827
7.10791705322818,14.0548841748194
6.96046162504493,12.0375230512398
7.07413676103055,13.3343935503296
8.32230097546006,14.6318809670479
7.51752194104018,17.4609380045424
4.43695235375946,17.2183773826518
4.71613346809959,18.3800275835255
5.37943781587383,17.4588300072397
7.57139353202923,19.3374522314012
5.83164764470578,16.299152591185
0.29013170698768,29.5684222660469
-15.9091926233168,12.3502721716868
-8.71319719998248,15.6467460294546
-7.74025841140747,16.8388762045006
-8.69052820963945,17.7505215829598
-7.36978602924628,17.5078484226752
-9.0113834857158,17.3216512183943
-17.9962384716926,21.5282694630052
-18.186262244062,23.5490656627029
-10.4873262207213,17.7832450619973
-17.2566412800888,23.4256547969141
-11.2149461239905,16.7128996439748
-12.6289424022144,25.4284651015439
-2.93254987697416,14.9137319483315
-3.72142026195053,14.9655415121353
-3.75978119312385,14.1365542839736
-0.772755396313346,32.7923760881364
-4.08661400861819,13.3483748154451
-4.34503051337202,14.4781521934283
-3.74178980310796,14.0415049973985
-20.0703749230909,19.2877545306682
-2.13414034604851,36.0347958080139
-20.8346077720821,18.2034237176309
-19.328355729095,19.2067821405104
-20.6457877447057,19.8879824097649
-14.2537372513653,24.2040076727977
-4.33588438615404,-16.9265916561777
-4.8406074524739,-16.8592577822461
-5.04361456849615,-16.9822738026668
-4.87758269817085,-17.1914824093951
-6.41930980498218,-17.9243608793985
-5.32969332869906,-16.7971934722249
-5.17133270349954,-18.1159706819049
11.8846866280804,-22.3794880851474
11.5560774855779,-21.8911340125819
-5.70088032498583,-16.906852470026
10.6346952198057,-20.9387342993881
12.2367114638415,-20.9966254727325
10.454767637886,18.8540159009552
24.7321049616496,3.96570811313865
25.0903451795732,4.23691091443058
23.1916926078673,4.57639309873706
25.2256033662955,5.55684086917906
25.2903627983451,6.79099519918749
25.6440368357639,7.00129627207773
25.3571206576224,7.30205904619269
25.5060735577614,7.22230743263878
24.8704250937586,5.9262553177945
24.0677735939132,6.67541019108855
25.2193211335008,6.04260988811747
22.9313441700873,6.13388635787098
10.9236910956802,8.1171650478124
-22.7067127596619,-6.26419183396107
-23.6462277336898,-5.6026530535052
-23.3235212305554,-4.47038231800914
-24.0138645001716,-3.66796878034604
-24.1750294118746,-5.49160691945899
-25.5903109282499,-6.01171019147935
-24.8788170703455,-8.10875970625156
-24.9384033905538,-7.39147392493502
-25.0808914779598,-9.4494348472141
-26.0257302342445,-8.50945778116697
-22.6977015668126,-4.66488065331664
-21.7294381199638,-4.40960148905611
5.93482871434133,13.7880146682617
-1.64051977809034,11.3521479856997
-1.45862884634474,12.1912817717288
-2.00759584249946,10.5748640276053
-30.5217254545619,10.6161796233873
-32.09292471689,10.1943119224471
-31.7425401523598,11.5120506892256
-30.1231116798589,11.6041284002962
-30.0523837544781,10.4928285799018
-30.4453562424319,10.885936439174
-30.7879702386884,11.1731923294647
-31.8993487745104,11.4460047882692
-1.02681266073465,5.75273655397673
-8.48007598284358,27.4430882479998
20.450359499892,12.6630105039039
21.0971854731087,11.8817426847231
22.5446019481426,12.483619807156
23.96722472426,12.9891585077456
22.9273138278933,12.2160245143064
20.7098230722835,12.3781731643848
20.968896883754,11.7614442532555
21.2048166841002,9.41012648688383
20.551316937363,9.32297368130026
19.968756507863,10.9630222132722
21.3722011191999,11.3293725167437
21.5716695124098,11.7735413477364
6.15856815902354,10.6350431944103
-17.6039021047423,11.5041425990489
-17.5203158378862,11.291388601013
-19.0584186724826,10.0337234763409
-18.0571306567054,13.2400935603831
-18.7768507861818,12.4849802844442
-18.8339620771115,11.7157536667423
-20.0289500136032,12.190731200925
-20.3217565061015,12.3839938241611
-19.6519698732751,12.7138692395221
-20.6188244088243,11.6273260624007
-20.2215600150531,12.4700929576491
-19.9456774099318,10.9716930706646
8.99168457852239,10.8884853288577
-13.0261467399198,-12.8035917449253
-12.5381573350687,-12.3104306851069
-13.9535171720054,-11.9551910766602
-12.1229504028092,-12.218415075246
-13.209203750194,-10.6577507711182
-12.181698186883,-11.7964010176686
-13.4998545967405,-11.0837620918885
-12.8558330937999,-10.7222089749153
-3.40098824667774,-5.71137898731193
-3.29651246643761,-6.30353406871461
-3.96039434104308,-4.59946922177236
-6.72778408262031,-4.97836013061566
11.1966537514913,19.4682525587218
-6.75127054178734,-4.80239593014875
-7.28661455510468,-5.14996133310167
-7.33596260110087,-5.72055610697606
-6.85722371329054,-5.21894822295015
-5.66175002752456,-6.19459772414463
-6.60477863382988,-5.82914266054937
-5.38435558999933,-4.93942785069587
19.0892393308246,-20.442066961012
19.408790405643,-20.6146102797338
-5.53953423251775,-6.07933980008664
19.1805063684167,-19.2799468937847
-5.92654899394822,-7.67496427232589
22.0793154066667,24.2617383880772
14.1595665588988,22.5938607957675
13.3681184245309,22.2706583368918
22.2701811240884,14.4242614543635
13.5869717550033,26.0308018460056
22.9624810438773,13.8987074543998
21.5681850288763,14.4405953528252
23.2336534461498,14.5388884345615
22.7737994404408,14.731676132485
21.794975126852,15.4536210759157
14.0329817318366,27.0450915084242
13.8114965063088,27.5226757194197
15.1428255898816,25.7817378323997
6.17041663702333,13.9415494653174
7.70060495083907,16.0700172403512
7.0935310526358,15.384244200559
3.70217826708707,16.8803149007709
7.14072916941206,15.2327948731344
8.3060825184409,16.2348017301117
3.70308446457486,17.4794322129219
8.33458069965792,15.1304739692691
9.92099610166964,11.309645367976
9.2349694971313,12.0477603403656
10.8382209635552,12.294249276726
10.0999684625265,14.0660638416871
10.794936334694,11.6011401697941
24.5173590573238,20.7723112725162
-6.11967412548507,9.30130744330995
-6.20760783670623,8.53371971294552
-5.96818018616782,7.46177664507083
-4.38687517142995,10.1176833750272
0.768164621032992,32.0405377274634
-4.18072211248213,10.114458433947
-4.39707766535737,9.41170619183088
-19.3993013947071,20.5576393165783
-0.856466000353129,34.8256600845645
-18.7946583615392,20.2545503700204
-19.4038338515181,21.2813848641988
-20.2693651931877,20.1694409392947
-13.2219868203201,25.0019351079811
-5.70596827449375,7.46061771658392
-6.03989559916611,6.27932911475986
0.619915056141857,30.9351243788095
-4.33733111955188,6.51173909269604
-5.4832261936986,6.32132375066779
-3.88537655156948,5.58578580597526
-0.30643512209634,30.3391238622772
-21.2657735869453,18.3583709795797
-21.4043725184939,19.850709995195
-22.6144639053357,18.7119602392465
-21.9817628115472,19.4023865127775
-22.9724056554167,19.4401279219646
-14.4462402851652,25.6332129427203
-2.2216617651535,-7.23337507057641
-2.39396051879537,-7.63774983370659
-1.25542480317915,-8.54970532914493
-2.56479675109249,-7.42006906332991
-2.55383862552363,-7.73896670513724
9.14981939008748,-13.3138918478204
8.09413001698321,-13.7027409394112
1.91537271424372,2.22123418455514
1.63500703104936,2.58933968346422
2.2233787104474,2.9257127223637
1.7157130326969,2.38616138868238
2.21669011091033,2.11445631539395
3.3723409894843,11.5661606053043
-4.12922037661594,-11.5653398755234
-3.16608578052675,-10.9592794294285
-4.27002265060937,-12.5052429410422
-4.90809207419123,-12.3038292624901
-4.18183076163725,-12.0966912985854
-3.85847020578342,-11.9610467816076
-4.27860086333574,-13.2793260370136
-4.73380778908872,-13.6406228271284
-5.43822506385253,-13.5691378112464
-4.91130009892017,-14.5442323369222
-5.78875957644545,-13.7707754069368
-5.68351464146664,-14.7414582599546
5.53110480230987,12.324328806966
-11.9395719790284,-31.2711924994595
-12.8357599866079,-32.4580489467151
-11.4597130811378,-31.3743480655922
-12.3970659786731,-31.22045957057
-12.3430873571698,-32.6188547024828
-12.1546805009672,-32.1848733209052
-11.831786305678,-31.7837957808519
-12.653058208791,-33.0511236417946
-11.5480726684168,-33.4811938625769
-12.6825542306242,-33.100007490149
-12.7342395348105,-33.0359912253834
-12.9651293004343,-33.1974622828966
-11.9462003645949,-32.5503281069304
1.00196817815939,33.8315491474131
-19.6285484951224,-3.72560452296737
-19.0805625823736,-4.04318377763986
-19.2211748509725,-3.42001543520488
-19.135495092512,-4.52691511415927
-19.9007897231501,-4.78707032679667
-20.3735225223079,-5.03996517676934
-20.6736282458138,-5.16181959705764
-20.372875795641,-4.01484923616279
-21.2084739914995,-6.07269789234976
-20.6448545911625,-5.00469374291515
-20.3505115646759,-5.73065885390449
3.85621522713405,11.6366746592976
3.61651066722048,0.740530044446739
2.81295966642847,0.312548901123079
5.58225572083854,0.282281179067711
5.61826348735229,0.403556056990866
7.37711372358687,-1.0554419111367
6.4899800413358,-1.40026888012733
6.61547881557794,-1.03750408413331
7.85427831120913,2.68530923939842
8.6518956351109,2.60833992349852
8.54874238400204,2.67470593183669
8.35725192796987,2.81884331751957
5.17719231034248,1.08879856670992
5.50036086213414,5.82557776483589
-17.7770849182245,6.25359239028148
-18.3757896527159,5.54427240200053
-18.7404130047187,6.95895509984864
-19.1916614210415,5.84111370502038
-19.1696099848434,4.73648647951869
-19.1932244567231,5.44417580027115
-18.5692400121373,5.15296466174477
-16.899462046556,5.01877389754296
-18.0959872235574,5.0197926510831
-17.7581046903765,4.4838849932288
-17.4464486158872,3.44649981192732
-15.8978519241636,4.32957308050667
-8.48196555924916,28.4159401798013
4.8162101800991,14.5977543598541
25.7584759439926,12.4361047606475
11.3331880679209,12.8014723114532
14.3251430638817,13.7240122636525
27.4641155300282,11.0822373297321
28.6370812878105,12.5839823456298
28.6267152183589,11.4815579031776
27.8402154622717,11.5788048425477
27.6535162621209,12.3016332144319
29.7732622445553,11.786751535233
28.9099485802932,12.5467292634395
28.939511315116,12.6357585342126
2.57100341760231,15.3155550170093
-17.0841503785237,-6.84808555829067
-16.9495137002884,-6.33391748484057
-17.5813688470413,-8.20853833498636
-18.0099572460815,-7.42544779777796
-17.62914260692,-7.77015024351776
-18.3636676242798,-8.10035388050091
-18.8510047090175,-8.59728329718341
-18.77057729791,-7.80191588304234
-19.3177790526291,-8.03837459151217
-19.3035748954203,-8.86399826882714
-19.2991001712321,-8.62025759177898
-18.1618181834795,-9.43497576453908
4.24795904394045,9.15490396645606
11.7211004123176,29.0549268480629
10.5954481161975,23.6439282764021
9.92922410279978,22.9458115632303
10.6195207109251,24.1350309562058
9.91150729798294,24.8638203141226
8.47006005647306,24.9426072611958
10.2879644774733,24.567167492314
8.56014443207587,25.8178273365028
10.5293520580989,26.0086164100472
9.85035857272329,26.0954143997846
10.1754455842618,25.3523291455656
9.06286964249258,27.1560034135854
4.93751039559983,15.1337159218123
4.94288487401597,14.5611125431558
7.46369474503968,16.1738691723415
5.89266186741045,16.7032598691779
7.29722909113259,15.9056228353144
7.58480533631871,17.1476348197377
6.90257681788281,15.9744144403318
5.03064851684505,16.5341175256421
5.09109095850093,14.938521755958
5.50781185895391,16.7510405565986
4.19502068071008,16.7883431468999
6.15376634740726,14.7130647839471
8.01135614959587,16.6590600218925
2.67246857425859,17.5328490274618
20.3714178647666,12.8947527030719
20.6835923181952,14.0087158538141
20.4008787681662,13.5305626886199
19.3004282502727,12.7604099320829
20.6164124997195,12.6637612651454
20.520410292272,13.4351257887961
19.9450222253096,13.2673631335392
20.8779977389116,13.5362199978941
23.5340613365057,9.6426990613654
18.7585510910042,11.7054064175714
20.3856424798235,12.8154931346066
23.0117429806444,9.92524515509138
4.30086415809622,11.2602924767355
-16.4059031718148,7.59685183262944
-16.3903990682393,7.9969785046717
-17.4315344210924,8.718745732249
-17.859661360709,8.22193568122881
-13.554341144171,-1.16485333495698
-14.8377074990085,-1.62544520118718
-13.9607861103954,-1.8669989911397
-15.8643754192178,-2.10687187761974
-16.1200252952217,1.20593832664806
-15.7810638008862,-1.96599178694971
-15.859074458108,-1.69847845414047
-16.209239524937,-2.45891495292162
-7.52917328865753,25.5765142746621
13.7214710460631,-13.0077284570815
15.291699267555,-11.8940212980317
14.6214000205749,-13.665357979645
14.4577206689691,-13.9550700873329
12.389152349735,-13.4132109322352
15.2227820825607,-12.554788845442
14.8563669057932,-13.8307251055928
13.7303429391206,-13.6889693319981
14.4931723989433,-14.5313102216149
13.6725264982464,-14.4802757923515
14.1334983446819,-14.5501656876028
11.8355238323899,-13.5730869645363
6.40915649230298,8.35975284095834
1.42753833050801,-0.286515942823331
0.617906717018498,34.7441931550989
1.12877230964461,-0.266515304269211
0.461797075096967,34.4415386702525
0.183789068402491,0.280692882580479
1.80370719020277,0.204243168755153
0.496486470368416,1.61523361764019
-0.217840493477812,36.0832306543677
-18.2389329725409,25.2283384469926
-17.3750290468323,24.3953143896159
-18.9919533119438,25.0309959354877
-16.252508220809,-11.0576442392648
7.93652222876794,11.2926493810559
-20.7795295135275,0.771614445988246
-20.1636200462146,0.534868590750762
-20.6535303221272,-0.62184034303206
-20.2409786595881,-0.0261428550469791
-21.4063163718064,-0.0160593757208036
-20.955768998259,1.18715613887259
-22.3028097814316,-0.585858618917499
-28.8071860836265,14.7000003505306
-25.3593520266259,15.5769976069047
-25.8965511382503,16.0000889684878
-21.413540541644,-2.10013016542589
-21.7789807079539,-1.53602276061566
-14.4711267444898,25.2488252094197
